,Link,Type,Price,Condition,Is description,Picture count,Upload Date,Is Sold Day #1,Is Sold Day #2,Is Sold Day #3,Is Sold Day #4,Is Sold Day #5
0,https://www.yad2.co.il/item/qnc6uqsr,דלתות,"3,000 ₪",חדש באריזה,yes,4,2022-06-21,0,0,0,0,1
1,https://www.yad2.co.il/item/dode0qo2,ריהוט לחדרי ילדים,700 ₪,כמו חדש,yes,2,2022-06-21,0,0,0,0,0
2,https://www.yad2.co.il/item/02u6z3ky,מזנון / ויטרינה,700 ₪,כמו חדש,yes,2,2022-06-21,0,0,0,0,0
3,https://www.yad2.co.il/item/25me9z8c,מיטות,"1,200 ₪",כמו חדש,yes,3,2022-06-21,0,0,0,0,0
4,https://www.yad2.co.il/item/6j58dxay,ספות,"2,500 ₪",משומש,yes,10,2022-06-21,0,0,0,0,0
5,https://www.yad2.co.il/item/6qetko5x,מיטות,800 ₪,משומש,yes,6,2022-06-21,0,0,0,0,0
6,https://www.yad2.co.il/item/39amk1yt,מיטות,"1,500 ₪",משומש,yes,2,2022-06-21,0,0,0,0,0
7,https://www.yad2.co.il/item/dcq6ww20,כסאות,150 ₪,כמו חדש,yes,2,2022-06-21,0,0,0,0,0
8,https://www.yad2.co.il/item/j0gk5s1r,ספות,"5,000 ₪",כמו חדש,yes,3,2022-06-21,0,0,0,0,0
9,https://www.yad2.co.il/item/lqyd9npt,ספות,"2,500 ₪",כמו חדש,yes,0,2022-06-21,0,0,0,0,0
10,https://www.yad2.co.il/item/gowg1i13,סלון,"3,500 ₪",כמו חדש,yes,0,2022-06-21,0,0,0,0,0
11,https://www.yad2.co.il/item/4en25e8s,מיטות,"2,500 ₪",משומש,yes,0,2022-06-21,0,0,0,0,0
12,https://www.yad2.co.il/item/qu066a2w,סלון,"5,000 ₪",כמו חדש,yes,6,2022-06-21,0,0,0,0,0
13,https://www.yad2.co.il/item/xs4v71qj,ספות,"1,100 ₪",כמו חדש,yes,8,2022-06-21,0,0,0,1,1
14,https://www.yad2.co.il/item/66m7nojc,מדפים,900 ₪,לא רלוונטי,yes,4,2022-06-21,0,0,0,0,0
15,https://www.yad2.co.il/item/nqtpq4u5,מזנון / ויטרינה,"1,300 ₪",כמו חדש,yes,2,2022-06-21,0,0,0,0,0
16,https://www.yad2.co.il/item/xu4b35ul,סלון,"3,000 ₪",כמו חדש,yes,0,2022-06-21,0,0,0,0,0
17,https://www.yad2.co.il/item/328333,דלתות,"1,000 ₪",כמו חדש,yes,0,2022-06-21,0,0,0,0,0
18,https://www.yad2.co.il/item/66m7nojc,מדפים,900 ₪,לא רלוונטי,yes,4,2022-06-21,0,0,0,0,0
19,https://www.yad2.co.il/item/nqtpq4u5,מזנון / ויטרינה,"1,300 ₪",כמו חדש,yes,2,2022-06-21,0,0,0,0,0
20,https://www.yad2.co.il/item/xu4b35ul,סלון,"3,000 ₪",כמו חדש,yes,0,2022-06-21,0,0,0,0,0
21,https://www.yad2.co.il/item/60awwb08,ספות,"2,900 ₪",חדש באריזה,yes,4,2022-06-21,0,0,0,0,0
22,https://www.yad2.co.il/item/1cdejhey,ספות,900 ₪,כמו חדש,yes,3,2022-06-21,0,0,0,0,0
23,https://www.yad2.co.il/item/bwjwlgq5,ריהוט לחדרי ילדים,750 ₪,משומש,yes,9,2022-06-21,1,1,1,1,1
24,https://www.yad2.co.il/item/6iaur682,פינת אוכל,"5,900 ₪",כמו חדש,yes,2,2022-06-21,0,0,0,0,0
25,https://www.yad2.co.il/item/ujzm7b84,מיטות,400 ₪,משומש,yes,4,2022-06-21,1,1,1,1,1
26,https://www.yad2.co.il/item/b3m8r33l,מיטות,"3,000 ₪",כמו חדש,yes,6,2022-06-21,0,0,0,0,0
27,https://www.yad2.co.il/item/6zaxj99t,פינת אוכל,"4,200 ₪",כמו חדש,yes,0,2022-06-21,0,0,0,0,0
28,https://www.yad2.co.il/item/vuwj6obp,פינת אוכל,600 ₪,משומש,yes,0,2022-06-21,0,0,0,0,0
29,https://www.yad2.co.il/item/r9lmejpd,פינת אוכל,"4,000 ₪",כמו חדש,yes,10,2022-06-21,1,1,1,1,1
30,https://www.yad2.co.il/item/dzoobibu,ספריה,600 ₪,כמו חדש,yes,2,2022-06-21,0,0,0,0,0
31,https://www.yad2.co.il/item/zmi7m52r,מזנון / ויטרינה,250 ₪,משומש,yes,2,2022-06-21,0,0,0,0,0
32,https://www.yad2.co.il/item/uwochvwr,פינת אוכל,"3,000 ₪",משומש,yes,4,2022-06-21,0,0,0,0,0
33,https://www.yad2.co.il/item/ahy0ddq0,כורסאות טלויזיה,"1,350 ₪",כמו חדש,yes,3,2022-06-21,0,0,1,1,1
34,https://www.yad2.co.il/item/6048fgyl,ספות,"1,500 ₪",כמו חדש,yes,2,2022-06-21,0,0,0,0,0
35,https://www.yad2.co.il/item/pxliky1u,מזנון / ויטרינה,"1,100 ₪",כמו חדש,yes,0,2022-06-21,0,0,0,0,0
36,https://www.yad2.co.il/item/y50uqbpt,ספות,900 ₪,משומש,yes,0,2022-06-21,0,0,0,0,0
37,https://www.yad2.co.il/item/vv3ae2oj,חדרי שינה,"1,500 ₪",משומש,yes,0,2022-06-21,0,0,0,1,1
38,https://www.yad2.co.il/item/65vkkxib,ארונות,"1,500 ₪",כמו חדש,yes,2,2022-06-21,0,0,0,1,1
39,https://www.yad2.co.il/item/dixakg,מדפים,175 ₪,משומש,yes,5,2022-06-21,0,0,0,0,0
40,https://www.yad2.co.il/item/no922gq6,ספות,800 ₪,משומש,yes,6,2022-06-21,0,0,1,1,1
41,https://www.yad2.co.il/item/xbhsvo1t,כורסאות,"4,000 ₪",כמו חדש,yes,4,2022-06-21,0,0,0,0,0
42,https://www.yad2.co.il/item/7yn6mp8x,פינת אוכל,"1,800 ₪",כמו חדש,yes,9,2022-06-21,0,0,0,0,0
43,https://www.yad2.co.il/item/j0cmlrji,שולחנות,"1,500 ₪",כמו חדש,yes,5,2022-06-21,0,0,0,0,0
44,https://www.yad2.co.il/item/9q6s7dbl,סלון,"4,000 ₪",כמו חדש,yes,2,2022-06-21,0,0,0,0,0
45,https://www.yad2.co.il/item/myh34jnb,שטיחים,300 ₪,כמו חדש,yes,0,2022-06-21,0,0,0,0,0
46,https://www.yad2.co.il/item/cauym3fy,מיטות,"4,000 ₪",כמו חדש,yes,8,2022-06-21,0,0,0,0,0
47,https://www.yad2.co.il/item/0iwsb6jo,שולחנות,"2,500 ₪",כמו חדש,yes,2,2022-06-21,0,0,0,0,0
48,https://www.yad2.co.il/item/m8mo0src,מזנון / ויטרינה,850 ₪,כמו חדש,yes,5,2022-06-21,0,0,0,0,0
49,https://www.yad2.co.il/item/4j0bvfo7,מזנון / ויטרינה,"1,000 ₪",משומש,yes,3,2022-06-21,0,0,0,0,0
50,https://www.yad2.co.il/item/vkt9828m,שטיחים,300 ₪,כמו חדש,yes,2,2022-06-21,0,0,0,0,0
51,https://www.yad2.co.il/item/kljvs51y,ספות,"1,650 ₪",כמו חדש,yes,3,2022-06-21,0,0,0,0,0
52,https://www.yad2.co.il/item/k2ud0p2v,סלון,"1,500 ₪",כמו חדש,yes,5,2022-06-21,0,0,0,0,0
53,https://www.yad2.co.il/item/7ck6nuiw,פינת אוכל,"1,500 ₪",כמו חדש,yes,2,2022-06-21,0,0,0,0,0
54,https://www.yad2.co.il/item/666857,מטבח,"2,500 ₪",חדש באריזה,yes,4,2022-06-21,0,0,0,0,0
55,https://www.yad2.co.il/item/np20u9d0,שולחנות,990 ₪,כמו חדש,yes,0,2022-06-21,1,1,1,1,1
56,https://www.yad2.co.il/item/xhkd7g9h,ספות,"1,000 ₪",משומש,yes,3,2022-06-21,0,0,0,0,0
57,https://www.yad2.co.il/item/gsoz8qmm,שולחן מחשב,950 ₪,כמו חדש,yes,5,2022-06-21,0,0,0,0,0
58,https://www.yad2.co.il/item/bszs96xw,חדרי שינה,"1,750 ₪",כמו חדש,yes,4,2022-06-21,0,0,0,0,0
59,https://www.yad2.co.il/item/b67zucs9,מיטות,"2,000 ₪",משומש,yes,5,2022-06-21,0,0,0,0,0
60,https://www.yad2.co.il/item/vuosxfuz,שטיחים,"2,700 ₪",כמו חדש,yes,2,2022-06-21,0,0,0,0,0
61,https://www.yad2.co.il/item/96nerwqy,פינת אוכל,"1,800 ₪",כמו חדש,yes,4,2022-06-21,0,0,0,0,0
62,https://www.yad2.co.il/item/g43ucwkz,מיטות,"2,100 ₪",כמו חדש,yes,4,2022-06-21,0,0,0,0,0
63,https://www.yad2.co.il/item/ejkdjshg,כורסאות,"2,000 ₪",כמו חדש,yes,0,2022-06-21,0,0,0,0,0
64,https://www.yad2.co.il/item/rkiout6b,ארונות,"1,000 ₪",כמו חדש,yes,5,2022-06-21,0,0,0,0,0
65,https://www.yad2.co.il/item/c2ui9dol,ספריה,"1,850 ₪",כמו חדש,yes,0,2022-06-21,0,0,1,1,1
66,https://www.yad2.co.il/item/k293pwt7,סלון,"2,799 ₪",כמו חדש,yes,3,2022-06-21,0,0,0,0,0
67,https://www.yad2.co.il/item/9j1g99kq,מזנון / ויטרינה,"3,000 ₪",כמו חדש,yes,8,2022-06-21,0,0,0,0,0
68,https://www.yad2.co.il/item/f50elts8,ספות,"2,000 ₪",משומש,yes,0,2022-06-21,0,0,0,0,0
69,https://www.yad2.co.il/item/4ow7bvrz,ספות,"3,200 ₪",כמו חדש,yes,8,2022-06-21,0,0,0,0,0
70,https://www.yad2.co.il/item/59t3k2bu,סלון,"12,000 ₪",כמו חדש,yes,5,2022-06-21,0,0,0,0,0
71,https://www.yad2.co.il/item/1k06zheu,מזנון / ויטרינה,"1,400 ₪",כמו חדש,yes,2,2022-06-21,0,0,0,0,0
72,https://www.yad2.co.il/item/ex7gqed8,כורסאות,"1,700 ₪",כמו חדש,yes,2,2022-06-21,0,0,0,0,0
73,https://www.yad2.co.il/item/311514,פינת אוכל,"3,990 ₪",חדש באריזה,yes,5,2022-06-21,0,0,0,0,0
74,https://www.yad2.co.il/item/ehab3ndy,פינת אוכל,"6,000 ₪",כמו חדש,yes,2,2022-06-21,0,0,0,0,0
75,https://www.yad2.co.il/item/dyord9sh,סלון,"3,200 ₪",כמו חדש,yes,4,2022-06-21,0,0,1,1,1
76,https://www.yad2.co.il/item/dtd713wi,ארונות,"1,800 ₪",כמו חדש,yes,5,2022-06-21,0,0,0,0,0
77,https://www.yad2.co.il/item/snex5iwt,פינת אוכל,"1,680 ₪",משומש,yes,5,2022-06-21,0,0,0,0,0
78,https://www.yad2.co.il/item/87gepk0v,פינת אוכל,"2,000 ₪",משומש,yes,5,2022-06-21,0,0,0,0,0
79,https://www.yad2.co.il/item/4ekrlbje,שולחנות,"9,000 ₪",משומש,yes,0,2022-06-21,0,0,0,0,0
80,https://www.yad2.co.il/item/tv4qcw0k,ספות,890 ₪,כמו חדש,yes,3,2022-06-21,0,0,1,1,1
81,https://www.yad2.co.il/item/kx6xioct,מטבח,"2,600 ₪",כמו חדש,yes,3,2022-06-21,0,1,1,1,1
82,https://www.yad2.co.il/item/b5wbhxhn,מטבח,"3,500 ₪",חדש באריזה,yes,6,2022-06-21,0,0,0,0,0
83,https://www.yad2.co.il/item/w6qx5p9k,ענתיקות,650 ₪,כמו חדש,yes,6,2022-06-21,0,0,0,0,0
84,https://www.yad2.co.il/item/01qey2jc,ספות,"3,000 ₪",כמו חדש,yes,5,2022-06-21,0,0,0,0,0
85,https://www.yad2.co.il/item/v4nhf0h6,ספות,450 ₪,משומש,yes,4,2022-06-21,0,0,0,0,0
86,https://www.yad2.co.il/item/qg8f0f57,מיטות,"4,000 ₪",כמו חדש,yes,6,2022-06-21,0,0,0,0,0
87,https://www.yad2.co.il/item/oxlokf6j,שולחנות,"5,800 ₪",כמו חדש,yes,2,2022-06-21,0,0,0,0,0
88,https://www.yad2.co.il/item/6m0536bn,שולחנות,800 ₪,כמו חדש,yes,2,2022-06-21,0,0,0,0,0
89,https://www.yad2.co.il/item/vlm62m8u,ריהוט לחדרי ילדים,900 ₪,כמו חדש,yes,0,2022-06-21,0,0,0,0,0
90,https://www.yad2.co.il/item/qigz4139,מיטות,לא צוין מחיר,כמו חדש,yes,10,2022-06-21,0,0,0,0,0
91,https://www.yad2.co.il/item/o8o97jqz,חדרי שינה,"2,000 ₪",כמו חדש,yes,4,2022-06-21,1,1,1,1,1
92,https://www.yad2.co.il/item/ehab3ndy,פינת אוכל,"6,000 ₪",כמו חדש,yes,2,2022-06-21,0,0,0,0,0
93,https://www.yad2.co.il/item/2xue1aqx,מיטות,300 ₪,כמו חדש,yes,2,2022-06-21,0,0,0,0,0
94,https://www.yad2.co.il/item/d7j7et02,סלון,לא צוין מחיר,כמו חדש,yes,8,2022-06-21,0,0,0,0,0
95,https://www.yad2.co.il/item/nst3df3w,מזנון / ויטרינה,"2,500 ₪",כמו חדש,yes,2,2022-06-21,0,0,0,0,0
96,https://www.yad2.co.il/item/1226s9mg,כורסאות ומושבי עיסוי,"4,550 ₪",כמו חדש,yes,4,2022-06-21,0,0,0,0,0
97,https://www.yad2.co.il/item/rlioxumf,שולחנות,450 ₪,כמו חדש,yes,2,2022-06-21,0,0,0,0,0
98,https://www.yad2.co.il/item/e95ayjps,שולחנות,"5,000 ₪",כמו חדש,yes,3,2022-06-21,0,0,0,0,0
99,https://www.yad2.co.il/item/knqkl4v7,פינת אוכל,"2,000 ₪",כמו חדש,yes,6,2022-06-21,0,0,0,0,0
100,https://www.yad2.co.il/item/6jam2slv,תכולת דירה,לא צוין מחיר,משומש,yes,8,2022-06-21,0,0,0,0,0
101,https://www.yad2.co.il/item/1q0uu9tz,חדרי שינה,"6,700 ₪",כמו חדש,yes,5,2022-06-21,0,0,0,0,0
102,https://www.yad2.co.il/item/00s2e2p3,ריהוט משרדי,לא צוין מחיר,כמו חדש,yes,10,2022-06-21,0,1,1,1,1
103,https://www.yad2.co.il/item/ixjhg9z9,מיטות,"1,500 ₪",כמו חדש,yes,4,2022-06-21,0,0,0,0,1
104,https://www.yad2.co.il/item/f36akf50,מיטות,950 ₪,כמו חדש,yes,3,2022-06-21,0,0,0,0,0
105,https://www.yad2.co.il/item/7tlamcbx,מיטות,300 ₪,משומש,yes,2,2022-06-21,0,1,1,1,1
106,https://www.yad2.co.il/item/mo1t70q0,שולחנות,450 ₪,משומש,yes,2,2022-06-21,0,0,0,0,0
107,https://www.yad2.co.il/item/3eeq2u17,מיטות,500 ₪,כמו חדש,yes,0,2022-06-21,0,0,0,0,0
108,https://www.yad2.co.il/item/kgcvvnr2,ארונות,"1,200 ₪",כמו חדש,yes,0,2022-06-21,0,0,0,0,0
109,https://www.yad2.co.il/item/p691nwc2,שולחנות,"1,800 ₪",משומש,yes,4,2022-06-21,0,0,0,0,0
110,https://www.yad2.co.il/item/hqjpkcr5,ענתיקות,"2,500 ₪",משומש,yes,6,2022-06-21,0,0,0,0,0
111,https://www.yad2.co.il/item/9hydwohu,מטבח,"8,000 ₪",משומש,yes,2,2022-06-21,0,0,0,0,0
112,https://www.yad2.co.il/item/ta5m5p1s,סלון,"2,300 ₪",משומש,yes,2,2022-06-21,0,0,0,0,0
113,https://www.yad2.co.il/item/upkm0zpe,ריהוט לחדרי ילדים,"1,500 ₪",כמו חדש,yes,3,2022-06-21,0,0,0,0,0
114,https://www.yad2.co.il/item/i17fnk70,ריהוט לחדרי ילדים,"1,300 ₪",כמו חדש,yes,0,2022-06-21,0,0,0,0,0
115,https://www.yad2.co.il/item/uc92xwq6,ארונות,400 ₪,כמו חדש,yes,0,2022-06-21,0,0,0,0,0
116,https://www.yad2.co.il/item/qbq1uoq6,ענתיקות,לא צוין מחיר,משומש,yes,5,2022-06-21,0,0,0,0,0
117,https://www.yad2.co.il/item/t8uad9i1,ארונות,"1,300 ₪",כמו חדש,yes,5,2022-06-21,0,0,0,0,0
118,https://www.yad2.co.il/item/83zt407l,מיטות,"4,000 ₪",חדש באריזה,yes,8,2022-06-21,0,0,0,0,1
119,https://www.yad2.co.il/item/s0jbx09n,שידות,100 ₪,כמו חדש,yes,5,2022-06-21,0,0,0,0,0
120,https://www.yad2.co.il/item/6pc79hwd,מזנון / ויטרינה,300 ₪,כמו חדש,yes,5,2022-06-21,0,0,0,0,0
121,https://www.yad2.co.il/item/2mi039jo,תכולת דירה,"1,500 ₪",משומש,yes,10,2022-06-21,0,0,0,0,0
122,https://www.yad2.co.il/item/bg9lxf0v,ספות,"2,500 ₪",כמו חדש,yes,4,2022-06-21,0,0,0,0,0
123,https://www.yad2.co.il/item/y5lwz75s,פינת אוכל,"7,000 ₪",כמו חדש,yes,4,2022-06-21,0,0,0,0,0
124,https://www.yad2.co.il/item/316c14lt,ענתיקות,"2,400 ₪",משומש,yes,0,2022-06-21,0,0,0,0,0
125,https://www.yad2.co.il/item/thclkr75,ענתיקות,לא צוין מחיר,משומש,yes,5,2022-06-21,0,0,0,0,0
126,https://www.yad2.co.il/item/21k6vrtr,דלתות,300 ₪,משומש,yes,2,2022-06-21,0,0,0,0,1
127,https://www.yad2.co.il/item/nghjsglm,מזנון / ויטרינה,"1,000 ₪",כמו חדש,yes,7,2022-06-21,0,0,0,0,0
128,https://www.yad2.co.il/item/475565,כורסאות,500 ₪,חדש באריזה,yes,4,2022-06-21,0,0,0,0,0
129,https://www.yad2.co.il/item/367002,מיטות,"2,380 ₪",חדש באריזה,yes,3,2022-06-21,0,0,0,0,0
130,https://www.yad2.co.il/item/7i83sq60,ארונות,לא צוין מחיר,כמו חדש,yes,8,2022-06-21,0,0,0,0,0
131,https://www.yad2.co.il/item/01m167ig,ספות,"2,200 ₪",כמו חדש,yes,4,2022-06-21,0,0,0,0,0
132,https://www.yad2.co.il/item/epb8me6h,ענתיקות,"10,000 ₪",כמו חדש,yes,0,2022-06-21,0,0,0,0,0
133,https://www.yad2.co.il/item/n3y8stn2,ארונות,1 ₪,כמו חדש,yes,4,2022-06-21,0,0,0,0,0
134,https://www.yad2.co.il/item/b68wzlhv,כורסאות,"1,000 ₪",כמו חדש,yes,2,2022-06-21,0,0,0,0,0
135,https://www.yad2.co.il/item/vu5720eb,מיטות,"3,000 ₪",משומש,yes,4,2022-06-21,0,0,0,0,0
136,https://www.yad2.co.il/item/5xqxzhsa,סלון,500 ₪,כמו חדש,yes,10,2022-06-21,0,0,0,0,0
137,https://www.yad2.co.il/item/kuwtclmg,ספות,900 ₪,כמו חדש,yes,2,2022-06-21,0,0,0,0,0
138,https://www.yad2.co.il/item/qahalw86,כסאות,"2,000 ₪",כמו חדש,yes,5,2022-06-21,0,0,0,0,0
139,https://www.yad2.co.il/item/5rei91yl,ריהוט משרדי,"1,800 ₪",כמו חדש,yes,2,2022-06-21,0,0,0,0,1
140,https://www.yad2.co.il/item/nh37xui7,מיטות,"1,000 ₪",משומש,yes,2,2022-06-21,0,0,1,1,1
141,https://www.yad2.co.il/item/f12785s3,ספריה,500 ₪,משומש,yes,3,2022-06-21,0,0,0,0,0
142,https://www.yad2.co.il/item/l478m6ki,ספות,"10,000 ₪",כמו חדש,yes,4,2022-06-21,1,1,1,1,1
143,https://www.yad2.co.il/item/df58o10s,שולחנות,"7,500 ₪",כמו חדש,yes,3,2022-06-21,0,0,0,0,0
144,https://www.yad2.co.il/item/0esj2vzw,ארונות,150 ₪,כמו חדש,yes,0,2022-06-21,0,0,0,0,0
145,https://www.yad2.co.il/item/ylts2xxc,ענתיקות,"9,000 ₪",כמו חדש,yes,6,2022-06-21,0,0,0,0,0
146,https://www.yad2.co.il/item/y2gnh6r5,ספות,"2,500 ₪",כמו חדש,yes,2,2022-06-21,0,0,0,0,0
147,https://www.yad2.co.il/item/pdcxcy2f,חדרי שינה,"4,000 ₪",כמו חדש,yes,7,2022-06-21,0,0,0,0,0
148,https://www.yad2.co.il/item/605356,פינת אוכל,"4,300 ₪",חדש באריזה,yes,4,2022-06-21,0,0,0,0,0
149,https://www.yad2.co.il/item/521078,דלתות,"1,000 ₪",כמו חדש,yes,0,2022-06-21,0,0,0,0,0
150,https://www.yad2.co.il/item/504622,סלון,"2,990 ₪",חדש באריזה,yes,5,2022-06-21,0,0,0,0,0
151,https://www.yad2.co.il/item/pdcxcy2f,חדרי שינה,"4,000 ₪",כמו חדש,yes,7,2022-06-21,0,0,0,0,0
152,https://www.yad2.co.il/item/jbfre65b,שידות,"5,000 ₪",כמו חדש,yes,4,2022-06-21,0,0,0,0,0
153,https://www.yad2.co.il/item/iybs93m2,ספות,"2,800 ₪",כמו חדש,yes,4,2022-06-21,1,1,1,1,1
154,https://www.yad2.co.il/item/u2cpudq3,ריהוט משרדי,"1,200 ₪",משומש,yes,5,2022-06-21,0,0,0,0,0
155,https://www.yad2.co.il/item/cb1wckc9,חדרי שינה,"15,500 ₪",משומש,yes,8,2022-06-21,0,0,0,0,0
156,https://www.yad2.co.il/item/e4bqnorj,פינת אוכל,"2,800 ₪",כמו חדש,yes,0,2022-06-21,0,0,0,0,0
157,https://www.yad2.co.il/item/l1x2n7jd,שטיחים,"5,000 ₪",כמו חדש,yes,4,2022-06-21,0,0,0,0,0
158,https://www.yad2.co.il/item/biydnp9e,מטבח,"2,800 ₪",כמו חדש,yes,2,2022-06-21,0,0,0,0,0
159,https://www.yad2.co.il/item/lyyhus68,סלון,"2,300 ₪",דרוש תיקון/שיפוץ,yes,2,2022-06-21,0,0,0,0,0
160,https://www.yad2.co.il/item/ftelzdlz,ספות,800 ₪,משומש,yes,3,2022-06-21,0,0,0,0,0
161,https://www.yad2.co.il/item/qw8uniri,פינת אוכל,"4,500 ₪",כמו חדש,yes,2,2022-06-21,0,0,0,0,0
162,https://www.yad2.co.il/item/zphw0o3l,פינת אוכל,"1,000 ₪",משומש,yes,5,2022-06-21,0,0,0,0,0
163,https://www.yad2.co.il/item/52wp9y9f,מיטות,"1,800 ₪",כמו חדש,yes,3,2022-06-21,0,0,0,0,0
164,"https://validate.perfdrive.com/ccb4768f5e2ea98586d13473d71efc83/?ssa=7ed340c7-c038-4336-962a-33f1cd2aae3c&ssb=15946204796&ssc=https%3A%2F%2Fwww.yad2.co.il%2Fitem%2Fe55rwr78&ssi=4608a23e-bhcz-43b8-9c46-778c5596f884&ssk=support@shieldsquare.com&ssm=3108299713894128632149912320403976&ssn=44aefe4606e8b078f45a28a1ef38adda379841139ac8-8603-4a7b-b65ce4&sso=02706e10-c3f31caffe42135bc47860b6faf597dc1ab907ae794cfd1a&ssp=65401558591655837384165585652975003&ssq=18286230636544412269604749196495853562569&ssr=MTA5LjY1LjYyLjkz&sst=Mozilla/5.0%20(Macintosh;%20Intel%20Mac%20OS%20X%2010_15_7)%20AppleWebKit/537.36%20(KHTML,%20like%20Gecko)%20Chrome/102.0.5005.115%20Safari/537.36&ssv=&ssw=&ssx=eyJfX3V6bWYiOiI3ZjYwMDA3MmI3NzkwNC1iZWVhLTQzZjEtOWRhYi1jOWY2NTEzNzlmNTcxNjU1ODA0NzQ5MTkwMTYxNjExMy1mODZkMmM3MzljNjU2MTk3MzIxNCJ9",מזנון / ויטרינה,500 ₪,משומש,no,0,2022-06-21,0,0,0,0,0
165,https://www.yad2.co.il/item/yqvn2j8h,מיטות,"2,600 ₪",כמו חדש,yes,2,2022-06-21,0,0,0,0,0
166,https://www.yad2.co.il/item/r2o2yg61,מזנון / ויטרינה,"2,000 ₪",כמו חדש,yes,10,2022-06-21,0,0,0,0,0
167,https://www.yad2.co.il/item/a0nrhwfh,מטבח,"6,000 ₪",משומש,yes,9,2022-06-21,0,0,0,0,0
168,https://www.yad2.co.il/item/rpfpri2m,ספות,750 ₪,משומש,yes,2,2022-06-21,0,0,0,0,0
169,https://www.yad2.co.il/item/521078,דלתות,"1,000 ₪",כמו חדש,yes,0,2022-06-21,0,0,0,0,0
170,https://www.yad2.co.il/item/504622,סלון,"2,990 ₪",חדש באריזה,yes,5,2022-06-21,0,0,0,0,0
171,https://www.yad2.co.il/item/527157,מיטות,199 ₪,חדש באריזה,yes,4,2022-06-21,0,0,0,0,0
172,https://www.yad2.co.il/item/667990,פינת אוכל,"3,990 ₪",חדש באריזה,yes,4,2022-06-21,0,0,0,0,0
173,https://www.yad2.co.il/item/oj82pkl2,מטבח,"6,000 ₪",כמו חדש,yes,10,2022-06-21,0,0,0,1,1
174,https://www.yad2.co.il/item/v4qekekn,ספות,"1,450 ₪",משומש,yes,6,2022-06-21,0,0,0,0,0
175,https://www.yad2.co.il/item/3l5yorwm,ארונות,"1,500 ₪",כמו חדש,yes,2,2022-06-21,0,0,0,0,0
176,https://www.yad2.co.il/item/t6wloz0x,מיטות,לא צוין מחיר,כמו חדש,yes,3,2022-06-21,0,0,0,0,1
177,https://www.yad2.co.il/item/0vxr4cbb,מיטות,"1,100 ₪",כמו חדש,yes,5,2022-06-21,0,0,0,0,0
178,https://www.yad2.co.il/item/3ph3hwum,כסאות,לא צוין מחיר,משומש,yes,5,2022-06-21,0,0,0,0,0
179,https://www.yad2.co.il/item/lk91bvjf,מיטות,"1,100 ₪",משומש,yes,0,2022-06-21,0,0,0,0,0
180,https://www.yad2.co.il/item/4s8ebfbh,מיטות,500 ₪,משומש,yes,3,2022-06-21,0,0,0,0,0
181,https://www.yad2.co.il/item/5ni3uwu1,מיטות,"2,500 ₪",משומש,yes,2,2022-06-21,0,0,0,0,0
182,https://www.yad2.co.il/item/ptsbel1o,ארונות,"2,500 ₪",כמו חדש,yes,5,2022-06-21,0,0,1,1,1
183,https://www.yad2.co.il/item/6nrujb1m,מיטות,"1,750 ₪",כמו חדש,yes,4,2022-06-21,0,0,1,1,1
184,https://www.yad2.co.il/item/y7anfgya,מטבח,"2,300 ₪",חדש באריזה,yes,3,2022-06-21,1,1,1,1,1
185,https://www.yad2.co.il/item/rn5b2pj9,ספות,"2,000 ₪",כמו חדש,yes,5,2022-06-21,0,0,0,0,0
186,https://www.yad2.co.il/item/o6rg0qf5,מזנון / ויטרינה,"9,500 ₪",משומש,yes,4,2022-06-21,0,0,0,0,0
187,https://www.yad2.co.il/item/wzbr8um5,ריהוט משרדי,800 ₪,משומש,yes,10,2022-06-21,0,0,0,0,0
188,https://www.yad2.co.il/item/y10jjsu3,שטיחים,200 ₪,כמו חדש,yes,0,2022-06-21,1,1,1,1,1
189,https://www.yad2.co.il/item/84h6rpzr,מיטות,500 ₪,כמו חדש,yes,0,2022-06-21,0,0,0,0,1
190,https://www.yad2.co.il/item/679d7t2z,ספות,"1,200 ₪",כמו חדש,yes,3,2022-06-21,0,0,0,0,0
191,https://www.yad2.co.il/item/667990,פינת אוכל,"3,990 ₪",חדש באריזה,yes,4,2022-06-21,0,0,0,0,0
192,https://www.yad2.co.il/item/8k8451ti,מזנון / ויטרינה,400 ₪,כמו חדש,yes,5,2022-06-21,0,0,0,0,0
193,https://www.yad2.co.il/item/zr4ckcos,כורסאות,"1,200 ₪",משומש,yes,6,2022-06-21,0,0,0,0,0
194,https://www.yad2.co.il/item/nm0dp96c,כורסאות,"3,500 ₪",לא רלוונטי,yes,0,2022-06-21,0,0,0,0,0
195,https://www.yad2.co.il/item/nbylnhab,ספות,"4,500 ₪",כמו חדש,yes,0,2022-06-21,0,0,0,0,0
196,https://www.yad2.co.il/item/k7627il8,ארונות,200 ₪,כמו חדש,yes,5,2022-06-21,0,0,0,0,0
197,https://www.yad2.co.il/item/hsk8gj6j,ספות,"1,000 ₪",משומש,yes,6,2022-06-21,0,0,0,0,0
198,https://www.yad2.co.il/item/oa34yubj,סלון,"3,500 ₪",כמו חדש,yes,7,2022-06-21,0,0,0,0,0
199,https://www.yad2.co.il/item/scx1igaz,ארונות,לא צוין מחיר,כמו חדש,yes,3,2022-06-21,0,0,1,1,1
200,https://www.yad2.co.il/item/z3nrzwt3,מזנון / ויטרינה,"1,100 ₪",משומש,yes,8,2022-06-21,0,0,0,0,0
201,https://www.yad2.co.il/item/j2ytxlne,סלון,"19,000 ₪",משומש,no,2,2022-06-21,0,0,0,0,0
202,https://www.yad2.co.il/item/wox6mzr7,ספות,"10,000 ₪",כמו חדש,yes,5,2022-06-21,0,0,0,0,0
203,https://www.yad2.co.il/item/9mq10d9x,פינת אוכל,"1,990 ₪",כמו חדש,yes,3,2022-06-21,0,0,0,0,0
204,https://www.yad2.co.il/item/82l7o470,סלון,"6,000 ₪",כמו חדש,yes,9,2022-06-21,0,0,0,0,0
205,https://www.yad2.co.il/item/y10jjsu3,שטיחים,200 ₪,כמו חדש,yes,0,2022-06-21,1,1,1,1,1
206,https://www.yad2.co.il/item/b6yd5a6v,ספות,"3,500 ₪",כמו חדש,yes,3,2022-06-21,0,0,0,0,0
207,https://www.yad2.co.il/item/kls55fdx,כורסאות טלויזיה,"1,500 ₪",כמו חדש,yes,3,2022-06-21,0,0,0,0,0
208,https://www.yad2.co.il/item/6y2hb4pm,מדפים,280 ₪,משומש,yes,2,2022-06-21,0,0,0,0,0
209,https://www.yad2.co.il/item/ujndx88x,מיטות,"2,000 ₪",משומש,yes,0,2022-06-21,0,0,0,0,0
210,https://www.yad2.co.il/item/325902,מטבח,"2,500 ₪",חדש באריזה,yes,5,2022-06-21,0,0,0,0,0
211,https://www.yad2.co.il/item/648690,מיטות,"2,380 ₪",חדש באריזה,yes,4,2022-06-21,0,0,0,0,0
212,https://www.yad2.co.il/item/qsw4d4mh,מיטות,"1,750 ₪",כמו חדש,yes,4,2022-06-21,0,0,0,0,0
213,https://www.yad2.co.il/item/mjb5ztns,ספריה,"11,000 ₪",משומש,yes,10,2022-06-21,0,0,0,0,0
214,https://www.yad2.co.il/item/z5oaj40l,שידות,500 ₪,משומש,yes,3,2022-06-21,0,0,0,0,0
215,https://www.yad2.co.il/item/zhmmn61x,ענתיקות,"5,000 ₪",כמו חדש,yes,5,2022-06-21,0,0,0,0,1
216,https://www.yad2.co.il/item/a7wa3xel,פינת אוכל,"3,500 ₪",כמו חדש,yes,6,2022-06-21,0,0,0,0,0
217,https://www.yad2.co.il/item/86w76g2l,פינת אוכל,"4,900 ₪",כמו חדש,yes,5,2022-06-21,0,0,0,0,0
218,https://www.yad2.co.il/item/16ew2br6,כסאות,800 ₪,כמו חדש,yes,4,2022-06-21,0,0,0,0,0
219,https://www.yad2.co.il/item/obbq8x8f,ספות,"2,150 ₪",כמו חדש,yes,3,2022-06-21,0,0,0,0,0
220,https://www.yad2.co.il/item/be65kb6m,מטבח,"13,500 ₪",חדש באריזה,yes,5,2022-06-21,0,0,0,0,0
221,https://www.yad2.co.il/item/two3thts,ספות,"4,500 ₪",כמו חדש,yes,3,2022-06-21,0,0,0,0,0
222,https://www.yad2.co.il/item/xlsah49z,מיטות,"2,800 ₪",כמו חדש,yes,4,2022-06-21,0,0,0,0,0
223,https://www.yad2.co.il/item/sjcwr4xo,מיטות,"1,800 ₪",כמו חדש,yes,4,2022-06-21,0,0,0,0,0
224,https://www.yad2.co.il/item/w8khfyzs,תכולת דירה,לא צוין מחיר,משומש,yes,10,2022-06-21,0,0,1,1,1
225,https://www.yad2.co.il/item/gqo2h340,ספות,600 ₪,כמו חדש,yes,0,2022-06-21,0,0,0,0,0
226,https://www.yad2.co.il/item/5w56m713,ספות,990 ₪,משומש,yes,3,2022-06-21,0,0,0,0,0
227,https://www.yad2.co.il/item/gnqot1xi,מראה,"5,500 ₪",כמו חדש,yes,4,2022-06-21,0,0,0,0,0
228,https://www.yad2.co.il/item/wqx4rkrz,פינת אוכל,"1,500 ₪",כמו חדש,yes,3,2022-06-21,0,0,0,0,0
229,https://www.yad2.co.il/item/2mbfmmn2,פינת אוכל,"3,000 ₪",כמו חדש,yes,5,2022-06-21,0,0,0,0,0
230,https://www.yad2.co.il/item/648690,מיטות,"2,380 ₪",חדש באריזה,yes,4,2022-06-21,0,0,0,0,0
231,https://www.yad2.co.il/item/v36cda7u,מטבח,לא צוין מחיר,משומש,yes,5,2022-06-21,0,0,1,1,1
232,https://www.yad2.co.il/item/pnnicqn7,סלון,"2,000 ₪",משומש,yes,5,2022-06-21,0,0,0,0,0
233,https://www.yad2.co.il/item/jh5omgql,ענתיקות,לא צוין מחיר,משומש,yes,10,2022-06-21,0,0,0,0,0
234,https://www.yad2.co.il/item/xcawluzg,סלון,"2,500 ₪",כמו חדש,yes,3,2022-06-21,0,0,0,0,0
235,https://www.yad2.co.il/item/fpbexo1b,פינת אוכל,"2,900 ₪",כמו חדש,yes,5,2022-06-21,0,0,0,0,0
236,https://www.yad2.co.il/item/o1llg3dg,סלון,"2,900 ₪",כמו חדש,yes,6,2022-06-21,0,0,0,0,0
237,https://www.yad2.co.il/item/3iwhvx39,ספות,"3,000 ₪",משומש,yes,3,2022-06-21,0,0,0,0,0
238,https://www.yad2.co.il/item/kncgi3sf,מזנון / ויטרינה,"4,000 ₪",משומש,yes,2,2022-06-21,0,0,0,0,0
239,https://www.yad2.co.il/item/bbcudb7n,חדרי שינה,"2,000 ₪",כמו חדש,yes,3,2022-06-21,0,0,0,0,0
240,https://www.yad2.co.il/item/50fynlq8,פינת אוכל,"1,500 ₪",כמו חדש,yes,6,2022-06-21,0,0,0,0,0
241,https://www.yad2.co.il/item/elnv3gih,ריהוט לחדרי ילדים,400 ₪,כמו חדש,yes,2,2022-06-21,0,0,0,0,0
242,https://www.yad2.co.il/item/la5o9x1u,ספות,"2,500 ₪",משומש,yes,2,2022-06-21,0,0,0,1,1
243,https://www.yad2.co.il/item/cj025urd,שולחנות,"2,900 ₪",כמו חדש,yes,3,2022-06-21,0,0,0,0,0
244,https://www.yad2.co.il/item/for84ajx,סלון,"1,700 ₪",כמו חדש,yes,5,2022-06-21,0,0,0,0,0
245,https://www.yad2.co.il/item/lyq21khz,ענתיקות,"1,900 ₪",לא רלוונטי,yes,4,2022-06-21,0,0,0,0,0
246,https://www.yad2.co.il/item/k1gwfnhn,שולחנות,600 ₪,משומש,yes,0,2022-06-21,0,0,0,0,0
247,https://www.yad2.co.il/item/3r8qpyxm,מיטות,"5,000 ₪",כמו חדש,yes,5,2022-06-21,0,0,0,0,0
248,https://www.yad2.co.il/item/t8n1ybsd,ספות,"2,300 ₪",כמו חדש,yes,0,2022-06-21,0,1,1,1,1
249,https://www.yad2.co.il/item/648690,מיטות,"2,380 ₪",חדש באריזה,yes,4,2022-06-21,0,0,0,0,0
250,https://www.yad2.co.il/item/840939,סלון,"2,990 ₪",חדש באריזה,yes,5,2022-06-21,0,0,0,0,0
251,https://www.yad2.co.il/item/v36cda7u,מטבח,לא צוין מחיר,משומש,yes,5,2022-06-21,0,0,1,1,1
252,https://www.yad2.co.il/item/caibrci4,ארונות,"8,200 ₪",כמו חדש,yes,6,2022-06-21,0,0,0,0,0
253,https://www.yad2.co.il/item/ux62t0w4,כורסאות,לא צוין מחיר,כמו חדש,yes,5,2022-06-21,0,0,0,0,0
254,https://www.yad2.co.il/item/iovrrohx,כורסאות,450 ₪,כמו חדש,yes,3,2022-06-21,0,0,0,0,0
255,https://www.yad2.co.il/item/c0pknnli,ריהוט משרדי,400 ₪,כמו חדש,yes,0,2022-06-21,0,0,0,0,0
256,https://www.yad2.co.il/item/b5d19gss,מיטות,500 ₪,משומש,yes,0,2022-06-21,0,0,0,0,0
257,https://www.yad2.co.il/item/euxv0ofv,ספות,"1,800 ₪",כמו חדש,yes,4,2022-06-21,0,0,0,0,0
258,https://www.yad2.co.il/item/1am0l3lv,פינת אוכל,"7,000 ₪",משומש,yes,2,2022-06-21,0,0,0,0,0
259,https://www.yad2.co.il/item/gr5zwfmy,מיטות,800 ₪,משומש,yes,2,2022-06-21,0,0,0,0,0
260,https://www.yad2.co.il/item/r5h85y0u,ענתיקות,"1,000 ₪",לא רלוונטי,yes,4,2022-06-21,0,0,0,0,0
261,https://www.yad2.co.il/item/0m2vyr92,שולחנות,"1,450 ₪",משומש,yes,5,2022-06-21,0,0,0,0,0
262,https://www.yad2.co.il/item/b51ccf3j,מיטות,350 ₪,משומש,yes,2,2022-06-21,0,0,0,0,0
263,https://www.yad2.co.il/item/zcnv669e,ריהוט לחדרי ילדים,"1,000 ₪",כמו חדש,yes,0,2022-06-21,0,0,0,0,0
264,https://www.yad2.co.il/item/la5o9x1u,ספות,"2,500 ₪",משומש,yes,2,2022-06-21,0,0,0,1,1
265,https://www.yad2.co.il/item/8pzz8wxy,כורסאות,"1,200 ₪",לא רלוונטי,yes,5,2022-06-21,0,0,0,0,0
266,https://www.yad2.co.il/item/x5w7hdqq,ארונות,600 ₪,כמו חדש,yes,5,2022-06-21,0,0,0,0,0
267,https://www.yad2.co.il/item/cakant35,שולחנות,650 ₪,כמו חדש,yes,3,2022-06-21,1,1,1,1,1
268,https://www.yad2.co.il/item/xvxgp78v,מיטות,"7,000 ₪",משומש,yes,3,2022-06-21,0,0,0,0,0
269,https://www.yad2.co.il/item/840939,סלון,"2,990 ₪",חדש באריזה,yes,5,2022-06-21,0,0,0,0,0
270,https://www.yad2.co.il/item/707302,מטבח,"2,500 ₪",חדש באריזה,yes,5,2022-06-21,0,0,0,0,0
271,https://www.yad2.co.il/item/578639,דלתות,"1,000 ₪",כמו חדש,yes,0,2022-06-21,0,0,0,0,0
272,https://www.yad2.co.il/item/vagqgdxp,ארונות,"1,000 ₪",כמו חדש,yes,2,2022-06-21,0,0,0,0,0
273,https://www.yad2.co.il/item/1h6dr71f,פינת אוכל,"2,000 ₪",משומש,yes,3,2022-06-21,0,0,0,0,0
274,https://www.yad2.co.il/item/mphoou2v,ריהוט לחדרי ילדים,840 ₪,כמו חדש,yes,2,2022-06-21,0,0,0,0,0
275,https://www.yad2.co.il/item/aw3i6dlk,מיטות,"2,400 ₪",כמו חדש,yes,3,2022-06-21,0,0,0,0,0
276,https://www.yad2.co.il/item/3s1aut5e,ריהוט לחדרי ילדים,200 ₪,משומש,yes,5,2022-06-21,0,0,0,1,1
277,https://www.yad2.co.il/item/sg31w7lb,כורסאות,"1,500 ₪",כמו חדש,yes,3,2022-06-21,0,0,0,0,0
278,https://www.yad2.co.il/item/kv4stywr,ספות,"1,000 ₪",כמו חדש,yes,4,2022-06-21,0,0,0,0,0
279,https://www.yad2.co.il/item/miydq94l,ריהוט משרדי,"15,000 ₪",כמו חדש,yes,6,2022-06-21,0,0,0,0,0
280,https://www.yad2.co.il/item/hr1qzn7j,מזרנים,"1,700 ₪",כמו חדש,yes,4,2022-06-21,0,0,0,0,0
281,https://www.yad2.co.il/item/hpanwv81,מיטות,500 ₪,כמו חדש,yes,0,2022-06-21,0,0,0,0,0
282,https://www.yad2.co.il/item/xhfrx306,ארונות,"3,500 ₪",כמו חדש,yes,3,2022-06-21,0,0,0,0,0
283,https://www.yad2.co.il/item/e4q8x3v5,אחר,"1,000 ₪",כמו חדש,yes,4,2022-06-21,0,0,0,0,0
284,https://www.yad2.co.il/item/hcf0swbq,סלון,750 ₪,משומש,yes,0,2022-06-21,0,0,0,0,0
285,https://www.yad2.co.il/item/s8xheqle,מיטות,"1,500 ₪",כמו חדש,yes,3,2022-06-21,0,0,0,0,0
286,https://www.yad2.co.il/item/qb6mkzgw,ריהוט לחדרי ילדים,"4,000 ₪",כמו חדש,yes,2,2022-06-21,0,0,0,0,0
287,https://www.yad2.co.il/item/5ktwu16p,מיטות,800 ₪,כמו חדש,yes,3,2022-06-21,0,0,0,0,0
288,https://www.yad2.co.il/item/tczyt6qg,דלתות,"1,100 ₪",כמו חדש,yes,3,2022-06-21,0,0,0,0,0
289,https://www.yad2.co.il/item/414231,סלון,"2,990 ₪",חדש באריזה,yes,4,2022-06-21,0,0,0,0,0
290,https://www.yad2.co.il/item/770630,סלון,"2,500 ₪",חדש באריזה,yes,5,2022-06-21,0,0,0,0,0
291,https://www.yad2.co.il/item/zo9xp98a,סלון,"2,000 ₪",משומש,yes,0,2022-06-21,0,0,0,0,0
292,https://www.yad2.co.il/item/owjbzgic,חדרי שינה,750 ₪,משומש,yes,6,2022-06-21,0,0,0,0,0
293,https://www.yad2.co.il/item/ucmfw0cj,מיטות,"1,800 ₪",כמו חדש,yes,6,2022-06-21,0,0,0,0,0
294,https://www.yad2.co.il/item/dho3dncy,שולחנות,700 ₪,משומש,yes,4,2022-06-21,0,0,0,0,0
295,https://www.yad2.co.il/item/f0q5ztcv,כורסאות,750 ₪,כמו חדש,yes,4,2022-06-21,0,0,0,1,1
296,https://www.yad2.co.il/item/vytraqu9,ספות,"2,000 ₪",כמו חדש,yes,7,2022-06-21,0,0,0,0,0
297,https://www.yad2.co.il/item/9stjoi3o,ארונות,"3,600 ₪",כמו חדש,yes,6,2022-06-21,0,0,0,0,0
298,https://www.yad2.co.il/item/ouer4xvv,שולחנות,"5,000 ₪",כמו חדש,yes,9,2022-06-21,0,0,0,0,0
299,https://www.yad2.co.il/item/xmuat9p7,מזנון / ויטרינה,"4,000 ₪",כמו חדש,yes,5,2022-06-21,0,0,0,0,0
300,https://www.yad2.co.il/item/bby9p2c2,מזנון / ויטרינה,"1,250 ₪",כמו חדש,yes,4,2022-06-21,0,0,0,0,0
301,https://www.yad2.co.il/item/ifc6g38c,ארונות,"7,000 ₪",כמו חדש,yes,0,2022-06-21,0,0,0,0,0
302,https://www.yad2.co.il/item/pxtuqbwf,פינת אוכל,"2,100 ₪",כמו חדש,yes,3,2022-06-21,0,0,0,0,0
303,https://www.yad2.co.il/item/qagbqnd7,מזרנים,"1,650 ₪",חדש באריזה,yes,5,2022-06-21,0,0,0,0,0
304,https://www.yad2.co.il/item/4e9tms8e,מטבח,"5,000 ₪",משומש,yes,7,2022-06-21,0,0,0,0,0
305,https://www.yad2.co.il/item/ns0wuwtb,מטבח,"5,000 ₪",כמו חדש,yes,5,2022-06-21,0,0,0,0,0
306,https://www.yad2.co.il/item/hovj29iz,מיטות,"1,800 ₪",כמו חדש,yes,0,2022-06-21,0,0,0,0,0
307,https://www.yad2.co.il/item/t65fptld,מזנון / ויטרינה,"1,250 ₪",משומש,no,5,2022-06-21,0,0,0,0,0
308,https://www.yad2.co.il/item/1bm7ome4,ארונות,"3,800 ₪",משומש,yes,2,2022-06-21,0,0,0,0,0
309,https://www.yad2.co.il/item/711768,מזנון / ויטרינה,"1,350 ₪",חדש באריזה,yes,4,2022-06-21,0,0,0,0,0
310,https://www.yad2.co.il/item/zo9xp98a,סלון,"2,000 ₪",משומש,yes,0,2022-06-21,0,0,0,0,0
311,https://www.yad2.co.il/item/90enjh1x,ענתיקות,"1,000 ₪",משומש,yes,2,2022-06-21,0,1,1,1,1
312,https://www.yad2.co.il/item/bxhv9x3x,פינת אוכל,800 ₪,כמו חדש,yes,4,2022-06-21,0,0,0,0,0
313,https://www.yad2.co.il/item/5owpxnel,ריהוט לחדרי ילדים,לא צוין מחיר,משומש,yes,0,2022-06-21,0,0,0,0,0
314,https://www.yad2.co.il/item/zkug6zzg,ארונות,לא צוין מחיר,כמו חדש,yes,2,2022-06-21,0,0,0,0,0
315,https://www.yad2.co.il/item/rc0gouun,פינת אוכל,לא צוין מחיר,כמו חדש,yes,3,2022-06-21,1,1,1,1,1
316,https://www.yad2.co.il/item/e9po9jmo,ריהוט לחדרי ילדים,650 ₪,כמו חדש,yes,9,2022-06-21,0,0,0,0,0
317,https://www.yad2.co.il/item/adxm94uv,ריהוט לחדרי ילדים,"1,200 ₪",כמו חדש,yes,7,2022-06-21,0,0,0,0,0
318,https://www.yad2.co.il/item/z58h577j,ענתיקות,500 ₪,כמו חדש,yes,2,2022-06-21,1,1,1,1,1
319,https://www.yad2.co.il/item/42ub7qds,פינת אוכל,"2,500 ₪",חדש באריזה,yes,5,2022-06-21,0,0,0,0,0
320,https://www.yad2.co.il/item/0h6quvjp,תכולת דירה,"7,000 ₪",משומש,yes,0,2022-06-21,0,0,0,0,0
321,https://www.yad2.co.il/item/n52f98v6,מיטות,"1,200 ₪",כמו חדש,yes,3,2022-06-21,0,1,1,1,1
322,https://www.yad2.co.il/item/w0zrsnmp,ריהוט לחדרי ילדים,650 ₪,כמו חדש,yes,3,2022-06-21,0,0,0,1,1
323,https://www.yad2.co.il/item/q13whgc1,פינת אוכל,600 ₪,משומש,yes,5,2022-06-21,0,0,0,0,0
324,https://www.yad2.co.il/item/544x504f,שידות,"1,200 ₪",כמו חדש,yes,0,2022-06-21,0,0,0,0,0
325,https://www.yad2.co.il/item/fngcon7u,שטיחים,"2,200 ₪",כמו חדש,yes,2,2022-06-21,0,0,0,0,0
326,https://www.yad2.co.il/item/04uh6wh2,מיטות,"1,250 ₪",כמו חדש,yes,4,2022-06-21,0,0,0,0,0
327,https://www.yad2.co.il/item/htgi2clo,שולחנות,"15,000 ₪",כמו חדש,yes,6,2022-06-21,0,0,0,0,0
328,https://www.yad2.co.il/item/364910,פינת אוכל,"3,990 ₪",חדש באריזה,yes,4,2022-06-21,0,0,0,0,0
329,https://www.yad2.co.il/item/42ub7qds,פינת אוכל,"2,500 ₪",חדש באריזה,yes,5,2022-06-21,0,0,0,0,0
330,https://www.yad2.co.il/item/0h6quvjp,תכולת דירה,"7,000 ₪",משומש,yes,0,2022-06-21,0,0,0,0,0
331,https://www.yad2.co.il/item/64b7d8jd,פינת אוכל,"2,500 ₪",משומש,yes,2,2022-06-21,0,0,0,0,0
332,https://www.yad2.co.il/item/klayn41b,פינת אוכל,"9,900 ₪",כמו חדש,yes,3,2022-06-21,0,0,0,0,0
333,https://www.yad2.co.il/item/8m5kfv75,שולחנות,"2,100 ₪",כמו חדש,yes,8,2022-06-21,0,0,0,0,0
334,https://www.yad2.co.il/item/f1x45cn5,מיטות,"1,500 ₪",כמו חדש,yes,3,2022-06-21,0,0,0,0,0
335,https://www.yad2.co.il/item/dy0k5afr,פינת אוכל,"1,800 ₪",כמו חדש,yes,2,2022-06-21,0,0,0,0,0
336,https://www.yad2.co.il/item/do8mlv6l,ארונות,300 ₪,משומש,yes,8,2022-06-21,0,0,0,0,0
337,https://www.yad2.co.il/item/7stbipjq,פינת אוכל,"1,650 ₪",משומש,yes,3,2022-06-21,0,0,0,0,0
338,https://www.yad2.co.il/item/ncsrnvne,ספות,"2,500 ₪",משומש,yes,8,2022-06-21,0,0,0,0,0
339,https://www.yad2.co.il/item/cnb5uuyl,ספות,950 ₪,משומש,yes,6,2022-06-21,1,1,1,1,1
340,https://www.yad2.co.il/item/es873cdj,פינת אוכל,"2,000 ₪",משומש,yes,4,2022-06-21,0,0,0,0,0
341,https://www.yad2.co.il/item/m1gux5wj,ריהוט לחדרי ילדים,"1,500 ₪",כמו חדש,yes,3,2022-06-21,0,1,1,1,1
342,https://www.yad2.co.il/item/tc9vfexp,ספות,"3,000 ₪",חדש באריזה,yes,0,2022-06-21,0,0,0,0,0
343,https://www.yad2.co.il/item/s2hph6wn,ריהוט לחדרי ילדים,300 ₪,כמו חדש,yes,2,2022-06-21,0,0,0,0,0
344,https://www.yad2.co.il/item/94kax935,מזרנים,950 ₪,כמו חדש,yes,2,2022-06-21,0,0,0,0,0
345,https://www.yad2.co.il/item/7hp1xibh,ריהוט לחדרי ילדים,800 ₪,כמו חדש,yes,2,2022-06-21,0,0,0,0,0
346,https://www.yad2.co.il/item/ur23ndgr,מיטות,600 ₪,כמו חדש,yes,3,2022-06-21,0,0,0,0,0
347,https://www.yad2.co.il/item/364910,פינת אוכל,"3,990 ₪",חדש באריזה,yes,4,2022-06-21,0,0,0,0,0
348,https://www.yad2.co.il/item/611500,מדפים,31 ₪,חדש באריזה,yes,4,2022-06-21,0,0,0,0,0
349,https://www.yad2.co.il/item/599549,סלון,"2,500 ₪",חדש באריזה,yes,5,2022-06-21,0,0,0,0,0
350,https://www.yad2.co.il/item/q6mbp1gi,ספות,"1,900 ₪",כמו חדש,yes,3,2022-06-21,0,0,0,0,0
351,https://www.yad2.co.il/item/v8eo7cpl,ריהוט לחדרי ילדים,"1,100 ₪",כמו חדש,yes,0,2022-06-21,0,0,0,0,0
352,https://www.yad2.co.il/item/5htzlpz7,פינת אוכל,"1,000 ₪",כמו חדש,yes,0,2022-06-21,0,0,0,0,0
353,https://www.yad2.co.il/item/482bcrk9,ריהוט לחדרי ילדים,"1,700 ₪",משומש,yes,3,2022-06-21,0,0,0,0,0
354,https://www.yad2.co.il/item/6bl25xei,פינת אוכל,"3,500 ₪",כמו חדש,no,0,2022-06-21,0,0,0,0,0
355,https://www.yad2.co.il/item/fggfevhe,מיטות,"2,500 ₪",משומש,yes,7,2022-06-21,0,0,0,0,0
356,https://www.yad2.co.il/item/vctqtwf7,ספות,"3,000 ₪",משומש,yes,0,2022-06-21,0,0,0,0,0
357,https://www.yad2.co.il/item/bdzxy7rh,בר,600 ₪,כמו חדש,yes,3,2022-06-21,0,0,1,1,1
358,https://www.yad2.co.il/item/xnq0uk6q,חדרי שינה,"7,000 ₪",כמו חדש,yes,6,2022-06-21,0,0,0,0,0
359,https://www.yad2.co.il/item/gh9enrx9,מזרנים,"1,000 ₪",כמו חדש,yes,2,2022-06-21,0,0,0,0,0
360,https://www.yad2.co.il/item/fyrfxkig,שולחנות,700 ₪,משומש,yes,0,2022-06-21,0,0,0,0,0
361,https://www.yad2.co.il/item/su1lzonx,מיטות,"2,000 ₪",כמו חדש,yes,3,2022-06-21,0,0,0,0,0
362,https://www.yad2.co.il/item/bnfms3hw,פינת אוכל,"2,100 ₪",כמו חדש,yes,4,2022-06-21,0,0,0,0,0
363,https://www.yad2.co.il/item/gw41yvrm,מיטות,"2,400 ₪",כמו חדש,yes,7,2022-06-21,0,0,0,0,0
364,https://www.yad2.co.il/item/qukhp2np,ספות,"1,480 ₪",כמו חדש,yes,5,2022-06-21,0,0,0,0,0
365,https://www.yad2.co.il/item/1d7h0n3l,תכולת דירה,לא צוין מחיר,משומש,yes,10,2022-06-21,0,0,0,0,0
366,https://www.yad2.co.il/item/tsmjhifb,שולחנות,300 ₪,משומש,yes,0,2022-06-21,0,0,0,0,0
367,https://www.yad2.co.il/item/79x1cs8t,ריהוט לחדרי ילדים,"1,900 ₪",כמו חדש,yes,6,2022-06-21,0,1,1,1,1
368,https://www.yad2.co.il/item/611500,מדפים,31 ₪,חדש באריזה,yes,4,2022-06-21,0,0,0,0,0
369,https://www.yad2.co.il/item/599549,סלון,"2,500 ₪",חדש באריזה,yes,5,2022-06-21,0,0,0,0,0
370,https://www.yad2.co.il/item/q6mbp1gi,ספות,"1,900 ₪",כמו חדש,yes,3,2022-06-21,0,0,0,0,0
371,https://www.yad2.co.il/item/wmteo4x5,ספות,"2,400 ₪",כמו חדש,yes,3,2022-06-21,0,0,0,0,0
372,https://www.yad2.co.il/item/ucbr3yxg,ספות,"1,500 ₪",משומש,yes,5,2022-06-21,0,0,0,0,0
373,https://www.yad2.co.il/item/2k4w1i3m,ענתיקות,"2,500 ₪",משומש,no,0,2022-06-21,0,0,0,0,0
374,https://www.yad2.co.il/item/gy7ryj1g,ספות,"9,900 ₪",כמו חדש,yes,5,2022-06-21,0,0,0,0,0
375,https://www.yad2.co.il/item/48o9gs9l,פינת אוכל,"1,500 ₪",משומש,yes,2,2022-06-21,0,0,1,1,1
376,https://www.yad2.co.il/item/aihnnqyi,מזנון / ויטרינה,"10,000 ₪",משומש,yes,5,2022-06-21,0,0,0,0,0
377,https://www.yad2.co.il/item/qh9izsge,מטבח,"5,500 ₪",כמו חדש,yes,6,2022-06-21,0,0,0,0,0
378,https://www.yad2.co.il/item/52cma85k,שידות,"1,500 ₪",כמו חדש,yes,0,2022-06-21,0,0,0,0,0
379,https://www.yad2.co.il/item/eqkg8azx,מזנון / ויטרינה,לא צוין מחיר,משומש,yes,4,2022-06-21,0,0,0,0,1
380,https://www.yad2.co.il/item/z3f5ze9i,מיטות,600 ₪,כמו חדש,yes,4,2022-06-21,1,1,1,1,1
381,https://www.yad2.co.il/item/zshjzgcn,מיטות,"2,000 ₪",משומש,yes,8,2022-06-21,0,0,0,0,0
382,https://www.yad2.co.il/item/su1lzonx,מיטות,"2,000 ₪",כמו חדש,yes,3,2022-06-21,0,0,0,0,0
383,https://www.yad2.co.il/item/etgz0gnk,ספות,"3,800 ₪",כמו חדש,yes,6,2022-06-21,0,0,0,0,0
384,https://www.yad2.co.il/item/tml3vaqv,סלון,1 ₪,כמו חדש,yes,3,2022-06-21,0,0,0,0,0
385,https://www.yad2.co.il/item/4dzx001e,פינת אוכל,900 ₪,משומש,yes,5,2022-06-21,0,0,0,0,0
386,https://www.yad2.co.il/item/gxgsm7t0,שולחנות,"2,500 ₪",כמו חדש,yes,2,2022-06-21,0,0,0,0,0
387,https://www.yad2.co.il/item/l79zrp7z,מיטות,500 ₪,משומש,yes,4,2022-06-21,1,1,1,1,1
388,https://www.yad2.co.il/item/599549,סלון,"2,500 ₪",חדש באריזה,yes,5,2022-06-21,0,0,0,0,0
389,https://www.yad2.co.il/item/ii4aa9jo,חדרי שינה,"3,000 ₪",כמו חדש,yes,3,2022-06-21,0,0,0,0,0
390,https://www.yad2.co.il/item/p6ujln4l,ריהוט לחדרי ילדים,950 ₪,משומש,yes,0,2022-06-21,0,0,0,0,0
391,https://www.yad2.co.il/item/30cmzvlh,ספות,"1,500 ₪",לא רלוונטי,yes,0,2022-06-21,0,0,0,0,0
392,https://www.yad2.co.il/item/15zk8hd1,מטבח,"4,000 ₪",משומש,yes,3,2022-06-21,0,0,0,0,0
393,https://www.yad2.co.il/item/ztn7wril,מיטות,"1,500 ₪",כמו חדש,yes,2,2022-06-21,0,0,0,0,0
394,https://www.yad2.co.il/item/kxi01mv2,שולחנות,"2,500 ₪",כמו חדש,yes,2,2022-06-21,0,0,0,0,0
395,https://www.yad2.co.il/item/eo3r7f4k,שידות,"2,700 ₪",משומש,yes,2,2022-06-21,0,0,0,0,0
396,https://www.yad2.co.il/item/af8l02st,שולחנות,200 ₪,כמו חדש,yes,4,2022-06-21,0,0,0,0,0
397,https://www.yad2.co.il/item/o79serzh,שולחנות,400 ₪,כמו חדש,yes,0,2022-06-21,0,1,1,1,1
398,https://www.yad2.co.il/item/o1ldq5nd,שולחנות,400 ₪,משומש,yes,4,2022-06-21,0,0,0,0,0
399,https://www.yad2.co.il/item/xbgf8rw6,סלון,"3,000 ₪",כמו חדש,yes,3,2022-06-21,0,0,0,0,0
400,https://www.yad2.co.il/item/mcca5puh,ענתיקות,"1,500 ₪",משומש,yes,8,2022-06-21,0,0,0,0,0
401,https://www.yad2.co.il/item/et088f9o,ספות,"1,350 ₪",משומש,yes,2,2022-06-21,0,0,0,0,0
402,https://www.yad2.co.il/item/tv4d570h,תכולת דירה,לא צוין מחיר,משומש,yes,10,2022-06-21,0,0,0,0,0
403,https://www.yad2.co.il/item/lvtpos0z,פינת אוכל,"1,500 ₪",כמו חדש,yes,2,2022-06-21,0,0,0,1,1
404,https://www.yad2.co.il/item/anv6y7vb,ספות,"2,800 ₪",כמו חדש,yes,4,2022-06-21,0,0,0,0,0
405,https://www.yad2.co.il/item/1a0wmn68,פינת אוכל,"2,000 ₪",כמו חדש,yes,2,2022-06-21,1,1,1,1,1
406,https://www.yad2.co.il/item/didzsg1b,מיטות,"1,300 ₪",משומש,yes,3,2022-06-21,0,1,1,1,1
407,https://www.yad2.co.il/item/ii4aa9jo,חדרי שינה,"3,000 ₪",כמו חדש,yes,3,2022-06-21,0,0,0,0,0
408,https://www.yad2.co.il/item/zh72zh8e,שטיחים,600 ₪,חדש באריזה,yes,4,2022-06-21,0,0,0,0,0
409,https://www.yad2.co.il/item/gw9fti59,ספות,"1,000 ₪",משומש,yes,4,2022-06-21,0,0,0,1,1
410,https://www.yad2.co.il/item/mtmab6m5,מיטות,600 ₪,משומש,yes,2,2022-06-21,0,0,0,0,0
411,https://www.yad2.co.il/item/poutvzgp,חדרי שינה,"1,300 ₪",כמו חדש,yes,4,2022-06-21,0,0,0,0,0
412,https://www.yad2.co.il/item/6b4zdwqj,מיטות,"1,000 ₪",כמו חדש,yes,4,2022-06-21,0,0,0,0,0
413,https://www.yad2.co.il/item/qoguxilv,ריהוט לחדרי ילדים,700 ₪,כמו חדש,yes,3,2022-06-21,0,0,0,0,0
414,https://www.yad2.co.il/item/9xvfhdx5,חדרי שינה,"2,500 ₪",כמו חדש,yes,5,2022-06-21,0,0,0,0,0
415,https://www.yad2.co.il/item/uo45lgoy,ענתיקות,"1,500 ₪",משומש,yes,3,2022-06-21,0,0,0,0,0
416,https://www.yad2.co.il/item/bptr3s2j,שולחנות,700 ₪,כמו חדש,yes,0,2022-06-21,0,0,0,0,0
417,https://www.yad2.co.il/item/fmbilk0c,פינת אוכל,"8,000 ₪",כמו חדש,yes,3,2022-06-21,0,0,0,0,0
418,https://www.yad2.co.il/item/xb5p6ez0,ספות,"10,000 ₪",כמו חדש,yes,2,2022-06-21,0,0,0,0,1
419,https://www.yad2.co.il/item/sqcfn0ec,ענתיקות,"2,850 ₪",משומש,yes,9,2022-06-21,0,0,0,0,0
420,https://www.yad2.co.il/item/nb8148sp,שולחנות,800 ₪,כמו חדש,yes,4,2022-06-21,0,0,0,0,0
421,https://www.yad2.co.il/item/yv4gylgx,פינת אוכל,"1,300 ₪",משומש,yes,5,2022-06-21,0,0,0,1,1
422,https://www.yad2.co.il/item/c9y1tlem,ענתיקות,לא צוין מחיר,כמו חדש,yes,8,2022-06-21,0,0,0,0,0
423,https://www.yad2.co.il/item/znxvj4lu,ספות,"2,450 ₪",משומש,yes,5,2022-06-21,0,1,1,1,1
424,https://www.yad2.co.il/item/167yofrf,ריהוט לחדרי ילדים,"1,300 ₪",כמו חדש,yes,2,2022-06-21,0,0,0,0,1
425,https://www.yad2.co.il/item/313917,סלון,"2,990 ₪",חדש באריזה,yes,4,2022-06-21,0,0,0,0,0
426,https://www.yad2.co.il/item/igy41elu,ספות,"2,000 ₪",כמו חדש,yes,3,2022-06-21,0,0,0,0,0
427,https://www.yad2.co.il/item/er18ad9i,ספות,"5,000 ₪",כמו חדש,yes,4,2022-06-21,0,0,0,0,0
428,https://www.yad2.co.il/item/fbogijms,מיטות,"2,000 ₪",כמו חדש,yes,2,2022-06-21,0,0,0,0,0
429,https://www.yad2.co.il/item/1l2aw557,ספות,"3,900 ₪",כמו חדש,yes,2,2022-06-21,1,1,1,1,1
430,https://www.yad2.co.il/item/h8iovoq1,ספות,"2,000 ₪",כמו חדש,yes,0,2022-06-21,0,0,0,0,0
431,https://www.yad2.co.il/item/nw2xpnga,מיטות,"2,700 ₪",חדש באריזה,yes,4,2022-06-21,0,0,0,0,0
432,https://www.yad2.co.il/item/75ay3zmq,מיטות,800 ₪,משומש,yes,2,2022-06-21,0,0,0,0,0
433,https://www.yad2.co.il/item/8ga7hhwo,ריהוט לחדרי ילדים,900 ₪,משומש,yes,2,2022-06-21,0,0,0,0,0
434,https://www.yad2.co.il/item/0zx1ubba,מיטות,"1,000 ₪",כמו חדש,yes,3,2022-06-21,0,0,0,0,0
435,https://www.yad2.co.il/item/x64ukeal,ספות,"3,500 ₪",משומש,yes,4,2022-06-21,0,0,0,0,0
436,https://www.yad2.co.il/item/kzpft4ax,ריהוט לחדרי ילדים,650 ₪,כמו חדש,yes,2,2022-06-21,0,0,0,0,0
437,https://www.yad2.co.il/item/914j7b4q,ריהוט משרדי,"1,000 ₪",משומש,yes,4,2022-06-21,0,0,0,0,1
438,https://www.yad2.co.il/item/u54yrwnp,תכולת דירה,"6,400 ₪",משומש,yes,9,2022-06-21,0,0,0,0,0
439,https://www.yad2.co.il/item/b7mu5d9u,פינת אוכל,"1,900 ₪",כמו חדש,yes,3,2022-06-21,0,0,0,0,0
440,https://www.yad2.co.il/item/3p6hp0fc,כורסאות טלויזיה,900 ₪,חדש באריזה,yes,0,2022-06-21,0,0,0,0,0
441,https://www.yad2.co.il/item/75k7mnq5,מזנון / ויטרינה,"2,000 ₪",כמו חדש,yes,2,2022-06-21,0,0,0,0,0
442,https://www.yad2.co.il/item/xremobe5,פינת אוכל,"1,500 ₪",כמו חדש,yes,3,2022-06-21,0,0,0,0,0
443,https://www.yad2.co.il/item/qj30yh2s,כסאות,150 ₪,משומש,yes,4,2022-06-21,0,0,0,0,0
444,https://www.yad2.co.il/item/313917,סלון,"2,990 ₪",חדש באריזה,yes,4,2022-06-21,0,0,0,0,0
445,https://www.yad2.co.il/item/70zha7l5,ארונות,"3,000 ₪",משומש,yes,6,2022-06-21,0,0,0,0,0
446,https://www.yad2.co.il/item/4qdqd43i,ספות,"3,500 ₪",כמו חדש,yes,6,2022-06-21,0,0,0,0,0
447,https://www.yad2.co.il/item/5tmc2qru,מיטות,600 ₪,כמו חדש,no,2,2022-06-21,0,0,0,0,0
448,https://www.yad2.co.il/item/5586twmf,מיטות,400 ₪,משומש,yes,2,2022-06-21,0,0,0,0,0
449,https://www.yad2.co.il/item/jbrpp18k,שולחנות,400 ₪,כמו חדש,yes,2,2022-06-21,0,0,0,0,0
450,https://www.yad2.co.il/item/5o679tnx,ארונות,"1,600 ₪",כמו חדש,yes,5,2022-06-21,0,0,0,0,0
451,https://www.yad2.co.il/item/7g05izag,ריהוט לחדרי ילדים,300 ₪,כמו חדש,yes,3,2022-06-21,0,0,0,0,0
452,https://www.yad2.co.il/item/qoleyg1t,כסאות,600 ₪,לא רלוונטי,yes,0,2022-06-21,0,0,0,0,0
453,https://www.yad2.co.il/item/ickicezh,ספות,750 ₪,כמו חדש,yes,3,2022-06-21,0,0,0,0,0
454,https://www.yad2.co.il/item/8y3j9zu1,מזנון / ויטרינה,"2,000 ₪",לא רלוונטי,yes,4,2022-06-21,0,0,0,0,0
455,https://www.yad2.co.il/item/czjm7v6c,ספות,"4,000 ₪",כמו חדש,yes,0,2022-06-21,0,0,0,0,0
456,https://www.yad2.co.il/item/bmnkq4no,תכולת דירה,לא צוין מחיר,כמו חדש,yes,10,2022-06-21,0,0,0,0,0
457,https://www.yad2.co.il/item/5p1gmwsf,שולחנות,"2,000 ₪",כמו חדש,yes,8,2022-06-21,0,0,0,0,0
458,https://www.yad2.co.il/item/rg47mtb4,שטיחים,"9,500 ₪",משומש,yes,4,2022-06-21,0,0,0,0,0
459,https://www.yad2.co.il/item/rfu0vfvj,ספות,"2,000 ₪",כמו חדש,yes,3,2022-06-21,0,0,0,0,0
460,https://www.yad2.co.il/item/zp9l2l0u,ספות,"3,200 ₪",כמו חדש,yes,5,2022-06-21,0,0,0,0,0
461,https://www.yad2.co.il/item/f0dca3wb,פינת אוכל,"4,200 ₪",כמו חדש,yes,0,2022-06-21,0,0,0,0,0
462,https://www.yad2.co.il/item/hit6bq37,פינת אוכל,"3,500 ₪",כמו חדש,yes,5,2022-06-21,0,0,0,0,0
463,https://www.yad2.co.il/item/313917,סלון,"2,990 ₪",חדש באריזה,yes,4,2022-06-21,0,0,0,0,0
464,https://www.yad2.co.il/item/7djwb7y2,מיטות,200 ₪,משומש,yes,2,2022-06-21,0,0,0,0,0
465,https://www.yad2.co.il/item/rs27pb9u,כסאות,700 ₪,כמו חדש,yes,3,2022-06-21,0,0,0,0,0
466,https://www.yad2.co.il/item/o411cngg,כורסאות טלויזיה,499 ₪,כמו חדש,yes,5,2022-06-21,0,0,0,0,0
467,https://www.yad2.co.il/item/q0qmnr19,חדרי שינה,900 ₪,כמו חדש,yes,3,2022-06-21,0,0,0,0,0
468,https://www.yad2.co.il/item/rzg3ocjg,ספות,750 ₪,כמו חדש,yes,5,2022-06-21,0,0,0,0,0
469,https://www.yad2.co.il/item/73h13fv9,ספות,"1,800 ₪",משומש,yes,3,2022-06-21,0,0,0,0,0
470,https://www.yad2.co.il/item/gh7zq0rs,ענתיקות,לא צוין מחיר,משומש,yes,10,2022-06-21,0,0,0,0,0
471,https://www.yad2.co.il/item/q3rt0cmz,ספות,"7,500 ₪",כמו חדש,yes,0,2022-06-21,0,0,0,0,0
472,https://www.yad2.co.il/item/gy79k1c6,פינת אוכל,"5,000 ₪",כמו חדש,yes,2,2022-06-21,0,0,0,0,0
473,https://www.yad2.co.il/item/q856i6jz,סלון,"1,500 ₪",משומש,yes,7,2022-06-21,0,0,0,0,0
474,https://www.yad2.co.il/item/sovew2b3,שטיחים,700 ₪,כמו חדש,yes,2,2022-06-21,0,0,0,0,0
475,https://www.yad2.co.il/item/nm9cmuog,ספות,500 ₪,משומש,yes,4,2022-06-21,0,0,0,0,0
476,https://www.yad2.co.il/item/0yrfo3ck,פינת אוכל,"1,100 ₪",כמו חדש,yes,5,2022-06-21,0,0,0,0,0
477,https://www.yad2.co.il/item/cqsmqd1p,פינת אוכל,"5,000 ₪",כמו חדש,yes,5,2022-06-21,0,0,0,0,0
478,https://www.yad2.co.il/item/th0zwglv,שולחן מחשב,280 ₪,כמו חדש,yes,2,2022-06-21,0,0,0,0,0
479,https://www.yad2.co.il/item/rmhaiuro,פינת אוכל,"1,300 ₪",כמו חדש,yes,3,2022-06-21,0,0,0,0,0
480,https://www.yad2.co.il/item/r7m71wup,חדרי שינה,"2,200 ₪",כמו חדש,yes,8,2022-06-21,0,0,0,0,0
481,https://www.yad2.co.il/item/1cnm57l1,סלון,"1,000 ₪",כמו חדש,yes,0,2022-06-21,0,0,0,0,0
482,https://www.yad2.co.il/item/313917,סלון,"2,990 ₪",חדש באריזה,yes,4,2022-06-21,0,0,0,0,0
483,https://www.yad2.co.il/item/rqdvtatv,כורסאות טלויזיה,"1,000 ₪",כמו חדש,yes,0,2022-06-21,0,0,0,0,0
484,https://www.yad2.co.il/item/6tlyt2f2,מיטות,"3,500 ₪",כמו חדש,yes,2,2022-06-21,0,0,0,0,0
485,https://www.yad2.co.il/item/mxku30c6,כורסאות טלויזיה,"1,000 ₪",כמו חדש,yes,0,2022-06-21,0,0,0,0,0
486,https://www.yad2.co.il/item/lb0eydkr,מזרנים,"1,000 ₪",חדש באריזה,yes,0,2022-06-21,0,0,0,0,0
487,https://www.yad2.co.il/item/q7ga5a62,סלון,"3,000 ₪",כמו חדש,yes,4,2022-06-21,0,0,0,0,0
488,https://www.yad2.co.il/item/6uedpnxq,ספות,"1,500 ₪",כמו חדש,yes,2,2022-06-21,0,0,0,0,0
489,https://www.yad2.co.il/item/ewlwl28k,מיטות,750 ₪,משומש,yes,0,2022-06-21,0,0,0,0,0
490,https://www.yad2.co.il/item/7lg96icm,ענתיקות,"5,000 ₪",משומש,yes,9,2022-06-21,0,0,0,0,0
491,https://www.yad2.co.il/item/ticw26il,מזנון / ויטרינה,"1,100 ₪",כמו חדש,yes,0,2022-06-21,0,0,0,0,0
492,https://www.yad2.co.il/item/04nmyelp,שידות,"1,300 ₪",כמו חדש,yes,0,2022-06-21,0,0,0,0,0
493,https://www.yad2.co.il/item/ilkc275b,שולחנות,"2,200 ₪",כמו חדש,yes,0,2022-06-21,0,0,0,0,0
494,https://www.yad2.co.il/item/q4xpm648,כורסאות,"1,900 ₪",כמו חדש,yes,0,2022-06-21,0,0,0,0,0
495,https://www.yad2.co.il/item/zzjia5q0,שידות,450 ₪,כמו חדש,yes,2,2022-06-21,0,0,0,0,0
496,https://www.yad2.co.il/item/ci39x3p0,מראה,250 ₪,כמו חדש,yes,3,2022-06-21,0,0,0,0,1
497,https://www.yad2.co.il/item/n32sps22,פינת אוכל,"1,000 ₪",משומש,yes,2,2022-06-21,0,0,0,0,0
498,https://www.yad2.co.il/item/h4zzpya3,מיטות,600 ₪,כמו חדש,yes,0,2022-06-21,0,0,0,0,0
499,https://www.yad2.co.il/item/boqgpqcr,שולחנות,55 ₪,משומש,yes,0,2022-06-21,0,0,0,0,0
500,https://www.yad2.co.il/item/e2vxbdjd,שולחן מחשב,500 ₪,כמו חדש,yes,3,2022-06-21,0,0,0,0,0
501,https://www.yad2.co.il/item/313917,סלון,"2,990 ₪",חדש באריזה,yes,4,2022-06-21,0,0,0,0,0
502,https://www.yad2.co.il/item/1i5mlu3t,מזנון / ויטרינה,250 ₪,כמו חדש,yes,8,2022-06-21,0,0,0,0,0
503,https://www.yad2.co.il/item/40ssl8tq,מיטות,לא צוין מחיר,כמו חדש,yes,5,2022-06-21,0,0,0,0,0
504,https://www.yad2.co.il/item/pnlm2xcm,שידות,800 ₪,כמו חדש,yes,3,2022-06-21,0,0,0,0,0
505,https://www.yad2.co.il/item/kxidui94,מזנון / ויטרינה,300 ₪,משומש,yes,5,2022-06-21,0,0,0,0,0
506,https://www.yad2.co.il/item/cbyatfdv,מראה,90 ₪,כמו חדש,yes,0,2022-06-21,0,0,0,0,0
507,https://www.yad2.co.il/item/prcg1ijf,שטיחים,250 ₪,כמו חדש,yes,0,2022-06-21,0,0,0,0,0
508,https://www.yad2.co.il/item/ob43u4cg,ספות,280 ₪,משומש,yes,0,2022-06-21,0,0,0,0,0
509,https://www.yad2.co.il/item/xgvl8r1o,שטיחים,"2,700 ₪",כמו חדש,yes,7,2022-06-21,0,0,0,0,0
510,https://www.yad2.co.il/item/ysslf7mq,ספות,300 ₪,משומש,yes,0,2022-06-21,0,0,0,0,0
511,https://www.yad2.co.il/item/lkyb22rp,חדרי שינה,750 ₪,משומש,yes,3,2022-06-21,0,0,0,0,0
512,https://www.yad2.co.il/item/box6y39u,פינת אוכל,440 ₪,משומש,yes,0,2022-06-21,0,0,0,0,0
513,https://www.yad2.co.il/item/hjve0mi1,ספריה,570 ₪,כמו חדש,yes,0,2022-06-21,0,0,0,0,0
514,https://www.yad2.co.il/item/6i3o8dsq,שידות,350 ₪,כמו חדש,yes,0,2022-06-21,0,0,0,0,0
515,https://www.yad2.co.il/item/d8d0h2ge,שולחנות,לא צוין מחיר,כמו חדש,yes,0,2022-06-21,0,0,0,0,0
516,https://www.yad2.co.il/item/eep2b27h,שידות,400 ₪,כמו חדש,yes,8,2022-06-21,0,0,0,0,0
517,https://www.yad2.co.il/item/m19eb96f,שולחן מחשב,300 ₪,משומש,yes,6,2022-06-21,0,0,0,0,0
518,https://www.yad2.co.il/item/92qe1c6e,שולחנות,500 ₪,כמו חדש,yes,5,2022-06-21,0,0,0,0,0
519,https://www.yad2.co.il/item/424631,מטבח,"2,200 ₪",חדש באריזה,yes,5,2022-06-21,0,0,0,0,0
520,https://www.yad2.co.il/item/isiimvgw,ספות,900 ₪,כמו חדש,yes,6,2022-06-21,0,0,0,0,0
521,https://www.yad2.co.il/item/f4l9yuxw,שולחנות,150 ₪,כמו חדש,yes,0,2022-06-21,0,0,0,0,0
522,https://www.yad2.co.il/item/cv23a8z0,ארונות,"3,000 ₪",כמו חדש,yes,3,2022-06-21,1,1,1,1,1
523,https://www.yad2.co.il/item/gcz9qrnj,שולחנות,300 ₪,כמו חדש,yes,0,2022-06-21,0,0,0,0,0
524,https://www.yad2.co.il/item/8lho8a44,מזנון / ויטרינה,700 ₪,כמו חדש,yes,0,2022-06-21,0,0,0,0,0
525,https://www.yad2.co.il/item/x77en2p6,פינת אוכל,"1,000 ₪",כמו חדש,yes,2,2022-06-21,0,0,0,0,0
526,https://www.yad2.co.il/item/9ehgj3pe,מיטות,"1,500 ₪",כמו חדש,yes,0,2022-06-21,1,1,1,1,1
527,https://www.yad2.co.il/item/jgm7ryym,פינת אוכל,"2,000 ₪",כמו חדש,yes,0,2022-06-21,0,0,0,0,0
528,https://www.yad2.co.il/item/qs95aecr,פינת אוכל,"1,700 ₪",משומש,yes,5,2022-06-21,0,0,0,0,0
529,https://www.yad2.co.il/item/e4vtji82,פוף,399 ₪,כמו חדש,yes,0,2022-06-21,0,0,0,0,0
530,https://www.yad2.co.il/item/1e4g3u0h,ריהוט לחדרי ילדים,350 ₪,כמו חדש,yes,0,2022-06-21,0,0,0,0,0
531,https://www.yad2.co.il/item/p9vz4bvh,חדרי שינה,"4,000 ₪",כמו חדש,yes,2,2022-06-21,0,0,0,0,0
532,https://www.yad2.co.il/item/gievdb6t,מיטות,400 ₪,כמו חדש,yes,0,2022-06-21,0,0,0,0,0
533,https://www.yad2.co.il/item/vohji6mb,סלון,200 ₪,משומש,yes,3,2022-06-21,0,0,1,1,1
534,https://www.yad2.co.il/item/zmlsj4up,ספות,"5,500 ₪",כמו חדש,yes,2,2022-06-21,0,0,0,0,0
535,https://www.yad2.co.il/item/tw6vb00t,כסאות,30 ₪,משומש,yes,0,2022-06-21,0,0,0,0,0
536,https://www.yad2.co.il/item/6mg1w4ai,כורסאות,400 ₪,כמו חדש,yes,5,2022-06-21,0,0,0,0,0
537,https://www.yad2.co.il/item/3asru7t9,ספות,700 ₪,כמו חדש,yes,3,2022-06-21,0,0,1,1,1
538,https://www.yad2.co.il/item/424631,מטבח,"2,200 ₪",חדש באריזה,yes,5,2022-06-21,0,0,0,0,0
539,https://www.yad2.co.il/item/sfb778c3,שולחן מחשב,300 ₪,לא רלוונטי,yes,3,2022-06-21,0,0,0,0,0
540,https://www.yad2.co.il/item/205sluyz,חדרי שינה,"1,999 ₪",כמו חדש,yes,5,2022-06-21,0,0,0,0,0
541,https://www.yad2.co.il/item/uexozvs0,סלון,900 ₪,משומש,yes,6,2022-06-21,0,0,0,0,0
542,https://www.yad2.co.il/item/ng2h801s,ענתיקות,"2,000 ₪",לא רלוונטי,yes,2,2022-06-21,0,0,0,0,0
543,https://www.yad2.co.il/item/rcvlmrcl,מיטות,300 ₪,כמו חדש,yes,0,2022-06-21,0,0,0,0,0
544,https://www.yad2.co.il/item/noaq1rzr,שולחן מחשב,100 ₪,כמו חדש,yes,0,2022-06-21,0,0,0,0,0
545,https://www.yad2.co.il/item/hnjd9kjb,ריהוט לחדרי ילדים,65 ₪,משומש,yes,2,2022-06-21,0,0,0,0,0
546,https://www.yad2.co.il/item/nm483axu,פינת אוכל,750 ₪,כמו חדש,yes,0,2022-06-21,0,0,0,1,1
547,https://www.yad2.co.il/item/m60rlv43,מיטות,"3,700 ₪",משומש,yes,10,2022-06-21,0,0,0,0,0
548,https://www.yad2.co.il/item/yul46eqw,שטיחים,130 ₪,כמו חדש,yes,2,2022-06-21,0,0,0,0,0
549,https://www.yad2.co.il/item/55zev2av,שטיחים,300 ₪,משומש,yes,5,2022-06-21,0,0,0,0,0
550,https://www.yad2.co.il/item/r2w2rxhe,סלון,"2,400 ₪",כמו חדש,yes,2,2022-06-21,0,0,0,0,0
551,https://www.yad2.co.il/item/xvqr4ba6,כסאות,59 ₪,כמו חדש,yes,0,2022-06-21,0,0,0,0,0
552,https://www.yad2.co.il/item/3pjp6j0m,מזנון / ויטרינה,"2,489 ₪",כמו חדש,yes,2,2022-06-21,0,0,0,0,0
553,https://www.yad2.co.il/item/1vjs6gsm,מזנון / ויטרינה,900 ₪,כמו חדש,yes,2,2022-06-21,0,0,0,0,0
554,https://www.yad2.co.il/item/cawngir5,מזרנים,120 ₪,כמו חדש,no,0,2022-06-21,0,0,0,0,0
555,https://www.yad2.co.il/item/isiimvgw,ספות,900 ₪,כמו חדש,yes,6,2022-06-21,0,0,0,0,0
556,https://www.yad2.co.il/item/f4l9yuxw,שולחנות,150 ₪,כמו חדש,yes,0,2022-06-21,0,0,0,0,0
557,https://www.yad2.co.il/item/394096,דלתות,"1,000 ₪",כמו חדש,yes,0,2022-06-21,0,0,0,0,0
558,https://www.yad2.co.il/item/mxaratab,ריהוט לחדרי ילדים,250 ₪,כמו חדש,yes,0,2022-06-21,0,0,0,0,0
559,https://www.yad2.co.il/item/smwdrlo5,מזנון / ויטרינה,350 ₪,משומש,yes,5,2022-06-21,0,0,0,0,0
560,https://www.yad2.co.il/item/aw2jwlo0,ריהוט משרדי,500 ₪,כמו חדש,yes,2,2022-06-21,0,0,0,0,0
561,https://www.yad2.co.il/item/3h465xc6,סלון,"1,800 ₪",משומש,yes,2,2022-06-21,0,0,0,0,0
562,https://www.yad2.co.il/item/2w55ynln,שולחנות,500 ₪,כמו חדש,yes,3,2022-06-21,0,0,0,0,0
563,https://www.yad2.co.il/item/ffzn36ks,מזנון / ויטרינה,"3,200 ₪",כמו חדש,yes,6,2022-06-21,0,0,0,0,0
564,https://www.yad2.co.il/item/doyfd817,מיטות,350 ₪,משומש,yes,3,2022-06-21,0,0,0,0,0
565,https://www.yad2.co.il/item/dt9rvgf0,דלתות,200 ₪,משומש,yes,2,2022-06-21,0,0,0,0,0
566,https://www.yad2.co.il/item/nfpraypq,ספות,"11,500 ₪",חדש באריזה,yes,2,2022-06-21,0,0,0,0,0
567,https://www.yad2.co.il/item/jamynv8h,ריהוט משרדי,139 ₪,כמו חדש,yes,0,2022-06-21,0,0,0,0,0
568,https://www.yad2.co.il/item/8x3lkkl6,שעון קיר,150 ₪,כמו חדש,yes,0,2022-06-21,0,0,0,0,0
569,https://www.yad2.co.il/item/3nk8r1ol,מיטות,550 ₪,כמו חדש,yes,4,2022-06-21,0,0,0,0,0
570,https://www.yad2.co.il/item/lbivy0pq,שולחנות,300 ₪,כמו חדש,yes,2,2022-06-21,0,0,0,0,0
571,https://www.yad2.co.il/item/xbzgq6n7,מזנון / ויטרינה,"1,000 ₪",כמו חדש,yes,6,2022-06-21,0,0,0,0,0
572,https://www.yad2.co.il/item/dzg65xc9,שידות,400 ₪,משומש,yes,9,2022-06-21,0,0,0,0,0
573,https://www.yad2.co.il/item/24bvn9fq,כורסאות טלויזיה,950 ₪,משומש,yes,5,2022-06-21,0,0,0,0,0
574,https://www.yad2.co.il/item/mwxr9kcj,ספות,"1,500 ₪",כמו חדש,yes,0,2022-06-21,0,0,0,0,0
575,https://www.yad2.co.il/item/8hh4ikm0,שולחנות,"3,000 ₪",כמו חדש,yes,0,2022-06-21,0,0,0,0,0
576,https://www.yad2.co.il/item/394096,דלתות,"1,000 ₪",כמו חדש,yes,0,2022-06-21,0,0,0,0,0
577,https://www.yad2.co.il/item/431448,פינת אוכל,"3,990 ₪",חדש באריזה,yes,4,2022-06-21,0,0,0,0,0
578,https://www.yad2.co.il/item/qjs1y7hc,שידות,100 ₪,משומש,yes,5,2022-06-21,0,0,0,0,0
579,https://www.yad2.co.il/item/62xzctzb,מיטות,"2,500 ₪",כמו חדש,yes,0,2022-06-21,0,0,0,0,0
580,https://www.yad2.co.il/item/znvkwqdf,שידות,100 ₪,משומש,yes,2,2022-06-21,0,0,0,0,0
581,https://www.yad2.co.il/item/fawtl33o,שולחנות,550 ₪,כמו חדש,yes,3,2022-06-21,0,0,0,0,0
582,https://www.yad2.co.il/item/gyotufvp,ארונות,150 ₪,משומש,yes,2,2022-06-21,0,0,0,0,0
583,https://www.yad2.co.il/item/whlo86az,ספות,350 ₪,משומש,yes,2,2022-06-21,0,0,0,0,0
584,https://www.yad2.co.il/item/3u7c7p19,כורסאות,500 ₪,משומש,yes,2,2022-06-21,0,0,0,0,0
585,https://www.yad2.co.il/item/cjxhu0dz,ספות,"2,700 ₪",כמו חדש,yes,4,2022-06-21,0,0,0,0,0
586,https://www.yad2.co.il/item/95140x93,תכולת דירה,"10,000 ₪",כמו חדש,yes,0,2022-06-21,0,0,0,0,0
587,https://www.yad2.co.il/item/h4ktg0n7,חדרי שינה,"1,999 ₪",כמו חדש,yes,5,2022-06-21,0,0,0,0,0
588,https://www.yad2.co.il/item/z7rhtp18,מזנון / ויטרינה,"1,000 ₪",חדש באריזה,yes,5,2022-06-21,0,0,0,0,0
589,https://www.yad2.co.il/item/otz04gda,מזנון / ויטרינה,"3,000 ₪",כמו חדש,yes,2,2022-06-21,0,0,0,0,0
590,https://www.yad2.co.il/item/7p9prdvy,ספות,"2,500 ₪",משומש,yes,4,2022-06-21,0,0,0,0,0
591,https://www.yad2.co.il/item/q8veco0p,פינת אוכל,"1,500 ₪",כמו חדש,yes,2,2022-06-21,0,0,0,0,0
592,https://www.yad2.co.il/item/0alopztj,מראה,70 ₪,משומש,yes,0,2022-06-21,0,0,0,0,0
593,https://www.yad2.co.il/item/0d7z48cj,שולחנות,500 ₪,כמו חדש,yes,2,2022-06-21,0,0,0,0,0
594,https://www.yad2.co.il/item/7ue1v4et,סלון,"1,200 ₪",כמו חדש,yes,2,2022-06-21,0,0,0,0,0
595,https://www.yad2.co.il/item/q8x3epu0,מיטות,"1,000 ₪",משומש,yes,0,2022-06-21,0,0,0,0,0
596,https://www.yad2.co.il/item/431448,פינת אוכל,"3,990 ₪",חדש באריזה,yes,4,2022-06-21,0,0,0,0,0
597,https://www.yad2.co.il/item/605512,פינת אוכל,"4,300 ₪",חדש באריזה,yes,5,2022-06-21,0,0,0,0,0
598,https://www.yad2.co.il/item/458706,דלתות,"1,000 ₪",כמו חדש,yes,2,2022-06-21,0,0,0,0,0
599,https://www.yad2.co.il/item/19vg9xs2,שולחנות,200 ₪,כמו חדש,yes,2,2022-06-21,0,0,0,0,0
600,https://www.yad2.co.il/item/qtm7lnv2,מזרנים,250 ₪,משומש,yes,3,2022-06-21,0,0,0,0,0
601,https://www.yad2.co.il/item/p05hfzco,ספות,100 ₪,משומש,yes,3,2022-06-21,0,0,0,0,0
602,https://www.yad2.co.il/item/kad3yb76,שטיחים,150 ₪,משומש,yes,2,2022-06-21,0,0,0,0,0
603,https://www.yad2.co.il/item/6rlsgn9o,פינת אוכל,"4,000 ₪",כמו חדש,yes,2,2022-06-21,0,0,0,0,0
604,https://www.yad2.co.il/item/n2n0xq2w,מיטות,600 ₪,משומש,yes,5,2022-06-21,0,0,0,0,0
605,https://www.yad2.co.il/item/xqtnw65j,מיטות,400 ₪,כמו חדש,yes,9,2022-06-21,0,0,0,0,0
606,https://www.yad2.co.il/item/o4mnaf1v,שטיחים,100 ₪,משומש,yes,2,2022-06-21,0,0,0,0,0
607,https://www.yad2.co.il/item/pzmwaayg,כוורת,300 ₪,כמו חדש,yes,2,2022-06-21,0,0,0,0,0
608,https://www.yad2.co.il/item/tmi5cgan,מזרנים,600 ₪,כמו חדש,yes,8,2022-06-21,0,0,0,0,0
609,https://www.yad2.co.il/item/p4c305yk,סלון,250 ₪,משומש,yes,5,2022-06-21,0,0,0,0,0
610,https://www.yad2.co.il/item/zpqu4h5m,שידות,800 ₪,משומש,yes,3,2022-06-21,0,0,0,0,0
611,https://www.yad2.co.il/item/cixli1r0,כסאות,150 ₪,משומש,yes,2,2022-06-21,0,0,0,0,0
612,https://www.yad2.co.il/item/7igea9t5,חדרי שינה,"1,000 ₪",משומש,no,3,2022-06-21,0,0,0,0,0
613,https://www.yad2.co.il/item/empopd1f,כסאות,60 ₪,משומש,yes,4,2022-06-21,0,0,0,0,0
614,https://www.yad2.co.il/item/z8nd7hq1,כסאות,"1,000 ₪",כמו חדש,yes,3,2022-06-21,0,0,0,0,0
615,https://www.yad2.co.il/item/hdcoq54o,שולחנות,150 ₪,משומש,yes,3,2022-06-21,0,0,0,0,0
616,https://www.yad2.co.il/item/ev3u4gyx,שידות,100 ₪,משומש,yes,2,2022-06-21,0,0,0,0,0
617,https://www.yad2.co.il/item/431448,פינת אוכל,"3,990 ₪",חדש באריזה,yes,4,2022-06-21,0,0,0,0,0
618,https://www.yad2.co.il/item/605512,פינת אוכל,"4,300 ₪",חדש באריזה,yes,5,2022-06-21,0,0,0,0,0
619,https://www.yad2.co.il/item/rfnmeifd,שטיחים,"1,000 ₪",כמו חדש,yes,0,2022-06-21,0,0,0,0,0
620,https://www.yad2.co.il/item/7394efnr,ריהוט לחדרי ילדים,149 ₪,משומש,yes,3,2022-06-21,0,0,0,0,0
621,https://www.yad2.co.il/item/9zyad48v,פינת אוכל,"1,499 ₪",כמו חדש,yes,4,2022-06-21,0,0,0,0,0
622,https://www.yad2.co.il/item/ofu23yo8,ארונות,349 ₪,משומש,yes,0,2022-06-21,0,0,0,0,0
623,https://www.yad2.co.il/item/qwv412rw,ארונות,649 ₪,כמו חדש,yes,5,2022-06-21,0,0,0,0,0
624,https://www.yad2.co.il/item/4ypovups,כסאות,400 ₪,משומש,yes,2,2022-06-21,0,0,0,0,0
625,https://www.yad2.co.il/item/itznvx97,שטיחים,250 ₪,כמו חדש,yes,2,2022-06-21,0,0,0,0,0
626,https://www.yad2.co.il/item/nf6ft1vu,שולחן טלוויזיה,750 ₪,משומש,yes,3,2022-06-21,0,0,0,0,0
627,https://www.yad2.co.il/item/gxpit521,ספות,"2,500 ₪",משומש,yes,0,2022-06-21,0,0,0,0,0
628,https://www.yad2.co.il/item/qc32rdum,פינת אוכל,150 ₪,כמו חדש,yes,0,2022-06-21,0,0,0,0,0
629,https://www.yad2.co.il/item/vnxgb47o,שידות,500 ₪,משומש,yes,0,2022-06-21,0,0,0,0,0
630,https://www.yad2.co.il/item/ssg8lo8k,סלון,500 ₪,משומש,yes,0,2022-06-21,0,0,0,0,0
631,https://www.yad2.co.il/item/tdqv9kuj,ריהוט לחדרי ילדים,"1,200 ₪",משומש,yes,4,2022-06-21,0,0,0,0,0
632,https://www.yad2.co.il/item/w35x2pf1,מזנון / ויטרינה,300 ₪,משומש,yes,4,2022-06-21,0,0,0,0,0
633,https://www.yad2.co.il/item/1gzvgd9u,מיטות,300 ₪,כמו חדש,yes,3,2022-06-21,0,0,0,0,0
634,https://www.yad2.co.il/item/e92ujk2b,מיטות,"2,500 ₪",משומש,yes,0,2022-06-21,0,0,0,0,0
635,https://www.yad2.co.il/item/zxx6vmxk,מיטות,600 ₪,כמו חדש,yes,2,2022-06-21,0,0,0,0,0
636,https://www.yad2.co.il/item/smsje7ut,ספות,"1,800 ₪",משומש,yes,2,2022-06-21,0,0,0,0,0
637,https://www.yad2.co.il/item/431448,פינת אוכל,"3,990 ₪",חדש באריזה,yes,4,2022-06-21,0,0,0,0,0
638,https://www.yad2.co.il/item/605512,פינת אוכל,"4,300 ₪",חדש באריזה,yes,5,2022-06-21,0,0,0,0,0
639,https://www.yad2.co.il/item/458706,דלתות,"1,000 ₪",כמו חדש,yes,2,2022-06-21,0,0,0,0,0
640,https://www.yad2.co.il/item/2flmifvh,ענתיקות,550 ₪,משומש,yes,0,2022-06-21,0,0,0,0,0
641,https://www.yad2.co.il/item/rmbex49e,תכולת דירה,100 ₪,משומש,yes,0,2022-06-21,0,0,0,0,0
642,https://www.yad2.co.il/item/s759jchp,מעמד לדיסקים,150 ₪,משומש,yes,6,2022-06-21,0,0,0,0,0
643,https://www.yad2.co.il/item/ogrfqst4,פינת אוכל,"2,800 ₪",משומש,yes,3,2022-06-21,0,0,0,0,0
644,https://www.yad2.co.il/item/f671apcl,דלתות,750 ₪,כמו חדש,yes,0,2022-06-21,0,0,0,0,0
645,https://www.yad2.co.il/item/0b7fucex,מזרנים,"2,500 ₪",כמו חדש,yes,0,2022-06-21,0,0,1,1,1
646,https://www.yad2.co.il/item/mqzp3gso,ענתיקות,300 ₪,כמו חדש,yes,3,2022-06-21,0,0,0,0,0
647,https://www.yad2.co.il/item/wm2w51ld,כורסאות,500 ₪,כמו חדש,yes,2,2022-06-21,0,0,1,1,1
648,https://www.yad2.co.il/item/dt5wskg1,ריהוט לחדרי ילדים,"1,000 ₪",כמו חדש,yes,8,2022-06-21,0,0,0,0,0
649,https://www.yad2.co.il/item/rfnmeifd,שטיחים,"1,000 ₪",כמו חדש,yes,0,2022-06-21,0,0,0,0,0
650,https://www.yad2.co.il/item/7394efnr,ריהוט לחדרי ילדים,149 ₪,משומש,yes,3,2022-06-21,0,0,0,0,0
651,https://www.yad2.co.il/item/9zyad48v,פינת אוכל,"1,499 ₪",כמו חדש,yes,4,2022-06-21,0,0,0,0,0
652,https://www.yad2.co.il/item/ofu23yo8,ארונות,349 ₪,משומש,yes,0,2022-06-21,0,0,0,0,0
653,https://www.yad2.co.il/item/qwv412rw,ארונות,649 ₪,כמו חדש,yes,5,2022-06-21,0,0,0,0,0
654,https://www.yad2.co.il/item/4ypovups,כסאות,400 ₪,משומש,yes,2,2022-06-21,0,0,0,0,0
655,https://www.yad2.co.il/item/itznvx97,שטיחים,250 ₪,כמו חדש,yes,2,2022-06-21,0,0,0,0,0
656,https://www.yad2.co.il/item/nf6ft1vu,שולחן טלוויזיה,750 ₪,משומש,yes,3,2022-06-21,0,0,0,0,0
657,https://www.yad2.co.il/item/gxpit521,ספות,"2,500 ₪",משומש,yes,0,2022-06-21,0,0,0,0,0
658,https://www.yad2.co.il/item/605512,פינת אוכל,"4,300 ₪",חדש באריזה,yes,5,2022-06-21,0,0,0,0,0
659,https://www.yad2.co.il/item/458706,דלתות,"1,000 ₪",כמו חדש,yes,2,2022-06-21,0,0,0,0,0
660,https://www.yad2.co.il/item/334118,מדפים,31 ₪,חדש באריזה,yes,4,2022-06-21,0,0,0,0,0
661,https://www.yad2.co.il/item/gipftz6t,ריהוט לחדרי ילדים,700 ₪,כמו חדש,no,3,2022-06-21,0,0,0,0,0
662,https://www.yad2.co.il/item/cgn6hln4,שידות,500 ₪,כמו חדש,yes,0,2022-06-21,0,0,0,0,0
663,https://www.yad2.co.il/item/xfinxali,ארונות,700 ₪,כמו חדש,yes,2,2022-06-21,0,0,0,0,0
664,https://www.yad2.co.il/item/iz1mipvm,ריהוט לחדרי ילדים,700 ₪,כמו חדש,yes,4,2022-06-21,0,0,0,0,0
665,https://www.yad2.co.il/item/tzrcfeb4,פינת אוכל,"5,000 ₪",כמו חדש,yes,4,2022-06-21,0,0,0,0,0
666,https://www.yad2.co.il/item/q68p4swd,שולחנות,300 ₪,כמו חדש,yes,2,2022-06-21,0,0,0,0,0
667,https://www.yad2.co.il/item/t91jzg0g,שולחן מחשב,250 ₪,כמו חדש,yes,3,2022-06-21,0,0,0,0,0
668,https://www.yad2.co.il/item/3fofsmes,פינת אוכל,600 ₪,כמו חדש,yes,0,2022-06-21,0,0,0,0,0
669,https://www.yad2.co.il/item/llg2ehlz,מזנון / ויטרינה,"2,000 ₪",כמו חדש,yes,5,2022-06-21,0,0,0,0,0
670,https://www.yad2.co.il/item/ekrrwz3r,כורסאות ומושבי עיסוי,"2,800 ₪",כמו חדש,yes,2,2022-06-21,0,0,0,0,0
671,https://www.yad2.co.il/item/8hh35ouu,מדפים,50 ₪,כמו חדש,yes,4,2022-06-21,0,0,0,0,0
672,https://www.yad2.co.il/item/d9qfngoq,מיטות,"2,000 ₪",כמו חדש,yes,4,2022-06-21,0,0,0,0,0
673,https://www.yad2.co.il/item/et5jbx2n,פינת אוכל,"1,900 ₪",כמו חדש,yes,3,2022-06-21,0,0,0,0,0
674,https://www.yad2.co.il/item/2uojnv6u,מזנון / ויטרינה,"1,999 ₪",משומש,yes,0,2022-06-21,0,0,0,0,0
675,https://www.yad2.co.il/item/xrc4fuu9,ספות,"1,900 ₪",כמו חדש,yes,5,2022-06-21,0,0,0,0,0
676,https://www.yad2.co.il/item/zgb2hobu,ספות,400 ₪,משומש,yes,2,2022-06-21,1,1,1,1,1
677,https://www.yad2.co.il/item/yiazr74q,ספות,400 ₪,משומש,yes,7,2022-06-21,0,0,0,0,0
678,https://www.yad2.co.il/item/27y3zmzy,ספות,"2,900 ₪",כמו חדש,yes,0,2022-06-21,0,0,0,0,0
679,https://www.yad2.co.il/item/334118,מדפים,31 ₪,חדש באריזה,yes,4,2022-06-21,0,0,0,0,0
680,https://www.yad2.co.il/item/aahj2de9,שולחן מחשב,250 ₪,כמו חדש,yes,2,2022-06-21,1,1,1,1,1
681,https://www.yad2.co.il/item/lpsvy3qh,מזנון / ויטרינה,"1,100 ₪",כמו חדש,yes,3,2022-06-21,0,0,0,0,0
682,https://www.yad2.co.il/item/35ronblm,כסאות,220 ₪,כמו חדש,yes,0,2022-06-21,0,0,0,0,0
683,https://www.yad2.co.il/item/ylauq1lv,מיטות,"1,600 ₪",משומש,yes,3,2022-06-21,0,0,0,0,0
684,https://www.yad2.co.il/item/50o2b9ys,מטבח,350 ₪,משומש,yes,0,2022-06-21,0,0,0,0,0
685,https://www.yad2.co.il/item/8nq9ulez,כורסאות טלויזיה,"1,800 ₪",משומש,yes,4,2022-06-21,0,0,0,0,0
686,https://www.yad2.co.il/item/vza13l4n,דלתות,350 ₪,משומש,yes,3,2022-06-21,0,0,0,0,0
687,https://www.yad2.co.il/item/yvynbd8q,דלתות,850 ₪,משומש,yes,2,2022-06-21,0,0,0,0,0
688,https://www.yad2.co.il/item/fhtc2uhu,כסאות,"1,500 ₪",כמו חדש,yes,3,2022-06-21,0,0,0,0,0
689,https://www.yad2.co.il/item/uhr1fzyc,חדרי שינה,600 ₪,משומש,yes,3,2022-06-21,0,0,0,0,0
690,https://www.yad2.co.il/item/x7uopd1b,מיטות,"1,500 ₪",כמו חדש,yes,0,2022-06-21,0,0,0,0,0
691,https://www.yad2.co.il/item/207ah3fl,כסאות,10 ₪,חדש באריזה,yes,0,2022-06-21,0,0,0,0,0
692,https://www.yad2.co.il/item/pq1rrg4i,ארונות,500 ₪,כמו חדש,yes,0,2022-06-21,0,0,0,0,0
693,https://www.yad2.co.il/item/55j9kxvh,סלון,"1,300 ₪",כמו חדש,yes,0,2022-06-21,0,0,0,0,0
694,https://www.yad2.co.il/item/k401mjvb,מזרנים,399 ₪,כמו חדש,yes,0,2022-06-21,0,0,0,0,0
695,https://www.yad2.co.il/item/2a230l6i,מיטות,"1,200 ₪",כמו חדש,yes,2,2022-06-21,0,0,0,0,0
696,https://www.yad2.co.il/item/domitj9u,ארונות,50 ₪,משומש,yes,8,2022-06-21,0,0,0,0,0
697,https://www.yad2.co.il/item/p7lge3na,מזנון / ויטרינה,550 ₪,משומש,yes,0,2022-06-21,0,0,0,0,0
698,https://www.yad2.co.il/item/334118,מדפים,31 ₪,חדש באריזה,yes,4,2022-06-21,0,0,0,0,0
699,https://www.yad2.co.il/item/eht0loy5,שולחנות,350 ₪,כמו חדש,yes,0,2022-06-21,0,0,0,0,0
700,https://www.yad2.co.il/item/zcyp0v0f,חדרי שינה,100 ₪,כמו חדש,yes,0,2022-06-21,0,0,0,0,0
701,https://www.yad2.co.il/item/18j5oc1k,ספות,"4,000 ₪",כמו חדש,yes,0,2022-06-21,0,0,0,0,0
702,https://www.yad2.co.il/item/8bmixqbq,ארונות,50 ₪,משומש,yes,3,2022-06-21,0,0,0,0,0
703,https://www.yad2.co.il/item/7es0mvhi,ספות,400 ₪,משומש,yes,10,2022-06-21,0,0,0,0,0
704,https://www.yad2.co.il/item/j4aqusmi,כסאות,50 ₪,משומש,yes,8,2022-06-21,1,1,1,1,1
705,https://www.yad2.co.il/item/ta0gar37,פינת אוכל,"1,500 ₪",כמו חדש,yes,8,2022-06-21,0,0,0,0,0
706,https://www.yad2.co.il/item/wv2h658n,שולחנות,150 ₪,כמו חדש,yes,3,2022-06-21,0,0,0,0,0
707,https://www.yad2.co.il/item/bp1o11pd,מזנון / ויטרינה,500 ₪,משומש,yes,0,2022-06-21,0,0,0,0,0
708,https://www.yad2.co.il/item/t4dxgtyn,חדרי שינה,"1,700 ₪",משומש,yes,2,2022-06-21,0,0,0,0,0
709,https://www.yad2.co.il/item/6n488vw8,כורסאות,400 ₪,משומש,yes,0,2022-06-21,0,0,0,0,0
710,https://www.yad2.co.il/item/5drqs1v0,שולחנות,500 ₪,כמו חדש,yes,2,2022-06-21,0,0,0,0,0
711,https://www.yad2.co.il/item/9bdddl5r,סלון,"1,700 ₪",משומש,yes,4,2022-06-21,0,0,0,0,0
712,https://www.yad2.co.il/item/40qpzq1d,סלון,"1,800 ₪",משומש,yes,2,2022-06-21,0,0,0,0,0
713,https://www.yad2.co.il/item/pwf8n65q,ספריה,לא צוין מחיר,משומש,yes,5,2022-06-21,0,0,0,0,0
714,https://www.yad2.co.il/item/1x0tq91n,ספות,"2,500 ₪",כמו חדש,yes,5,2022-06-21,0,0,0,0,0
715,https://www.yad2.co.il/item/4d4x2l3q,דלתות,550 ₪,כמו חדש,yes,4,2022-06-21,1,1,1,1,1
716,https://www.yad2.co.il/item/aahj2de9,שולחן מחשב,250 ₪,כמו חדש,yes,2,2022-06-21,1,1,1,1,1
717,https://www.yad2.co.il/item/eht0loy5,שולחנות,350 ₪,כמו חדש,yes,0,2022-06-21,0,0,0,0,0
718,https://www.yad2.co.il/item/324629,ענתיקות,300 ₪,משומש,yes,5,2022-06-21,0,0,0,0,0
719,https://www.yad2.co.il/item/kr5zax,תכולת דירה,500 ₪,משומש,yes,4,2022-06-21,0,0,0,0,0
720,https://www.yad2.co.il/item/77dtp6c7,מזנון / ויטרינה,400 ₪,לא רלוונטי,yes,3,2022-06-21,0,0,0,0,0
721,https://www.yad2.co.il/item/sxr0r1zj,ריהוט משרדי,150 ₪,כמו חדש,yes,0,2022-06-21,0,0,0,0,0
722,https://www.yad2.co.il/item/gwwq01cd,שידות,100 ₪,כמו חדש,yes,2,2022-06-21,0,0,0,0,0
723,https://www.yad2.co.il/item/xjg61yzo,כסאות,250 ₪,משומש,no,0,2022-06-21,0,0,0,0,0
724,https://www.yad2.co.il/item/fb4znl1b,ריהוט משרדי,200 ₪,כמו חדש,yes,4,2022-06-21,0,0,0,0,0
725,https://www.yad2.co.il/item/pkd3x7gt,ריהוט משרדי,60 ₪,כמו חדש,yes,0,2022-06-21,0,0,0,0,0
726,https://www.yad2.co.il/item/rk0op4fs,כסאות,250 ₪,כמו חדש,yes,4,2022-06-21,0,0,0,0,0
727,https://www.yad2.co.il/item/l77lgk6u,שטיחים,100 ₪,כמו חדש,yes,2,2022-06-21,0,0,0,0,0
728,https://www.yad2.co.il/item/rubvaq9v,ריהוט משרדי,150 ₪,כמו חדש,yes,0,2022-06-21,0,0,0,0,0
729,https://www.yad2.co.il/item/yj8ltgqs,מראה,200 ₪,כמו חדש,yes,3,2022-06-21,0,0,0,0,0
730,https://www.yad2.co.il/item/6961wa0z,דלתות,"1,200 ₪",כמו חדש,yes,2,2022-06-21,0,0,0,0,0
731,https://www.yad2.co.il/item/9ly08406,שולחן טלוויזיה,250 ₪,משומש,yes,2,2022-06-21,0,0,0,0,0
732,https://www.yad2.co.il/item/14o7nh6a,ספריה,500 ₪,משומש,yes,3,2022-06-21,0,0,0,0,0
733,https://www.yad2.co.il/item/l70g8fkd,שולחנות,200 ₪,כמו חדש,yes,0,2022-06-21,0,0,0,0,0
734,https://www.yad2.co.il/item/n6qfiy3d,תכולת דירה,200 ₪,משומש,yes,8,2022-06-21,0,0,0,0,0
735,https://www.yad2.co.il/item/515316,סלון,"2,990 ₪",חדש באריזה,yes,4,2022-06-21,0,0,0,0,0
736,https://www.yad2.co.il/item/0e3hzkgx,מדפים,70 ₪,כמו חדש,yes,0,2022-06-21,0,0,0,0,0
737,https://www.yad2.co.il/item/z9fwl31s,דלתות,100 ₪,משומש,yes,0,2022-06-21,0,1,1,1,1
738,https://www.yad2.co.il/item/ha82od,ענתיקות,100 ₪,כמו חדש,yes,3,2022-06-21,0,0,0,0,0
739,https://www.yad2.co.il/item/a36efjiq,שידות,130 ₪,כמו חדש,yes,2,2022-06-21,0,0,0,0,0
740,https://www.yad2.co.il/item/p08lszdr,מזרנים,200 ₪,כמו חדש,yes,0,2022-06-21,0,0,0,0,0
741,https://www.yad2.co.il/item/99pilzlt,מזנון / ויטרינה,500 ₪,משומש,yes,3,2022-06-21,0,0,0,0,0
742,https://www.yad2.co.il/item/w1l3p5,ענתיקות,500 ₪,משומש,yes,6,2022-06-21,0,0,0,0,0
743,https://www.yad2.co.il/item/ne1wujua,מיטות,800 ₪,כמו חדש,yes,0,2022-06-21,0,0,0,0,0
744,https://www.yad2.co.il/item/eyl6ih,שטיחים,150 ₪,משומש,yes,3,2022-06-21,0,0,0,0,0
745,https://www.yad2.co.il/item/8g9ocx,שידות,400 ₪,כמו חדש,yes,2,2022-06-21,0,0,0,0,0
746,https://www.yad2.co.il/item/i5hfrtez,מיטות,450 ₪,משומש,yes,3,2022-06-21,0,0,0,0,0
747,https://www.yad2.co.il/item/353ad4c9,מיטות,"2,000 ₪",כמו חדש,yes,2,2022-06-21,0,0,0,0,0
748,https://www.yad2.co.il/item/74cqe9,מראה,100 ₪,חדש באריזה,yes,3,2022-06-21,0,0,0,0,0
749,https://www.yad2.co.il/item/o0idzjhf,ארונות,250 ₪,לא רלוונטי,yes,2,2022-06-21,0,1,1,1,1
750,https://www.yad2.co.il/item/324629,ענתיקות,300 ₪,משומש,yes,5,2022-06-21,0,0,0,0,0
751,https://www.yad2.co.il/item/kr5zax,תכולת דירה,500 ₪,משומש,yes,4,2022-06-21,0,0,0,0,0
752,https://www.yad2.co.il/item/77dtp6c7,מזנון / ויטרינה,400 ₪,לא רלוונטי,yes,3,2022-06-21,0,0,0,0,0
753,https://www.yad2.co.il/item/sxr0r1zj,ריהוט משרדי,150 ₪,כמו חדש,yes,0,2022-06-21,0,0,0,0,0
754,https://www.yad2.co.il/item/515316,סלון,"2,990 ₪",חדש באריזה,yes,4,2022-06-21,0,0,0,0,0
755,https://www.yad2.co.il/item/369007,סלון,"2,990 ₪",חדש באריזה,yes,4,2022-06-21,0,0,0,0,0
756,https://www.yad2.co.il/item/z32tou2r,פינת אוכל,400 ₪,משומש,yes,5,2022-06-21,0,0,0,0,0
757,https://www.yad2.co.il/item/7ifcxcmj,שולחן מחשב,550 ₪,כמו חדש,yes,0,2022-06-21,0,0,0,0,0
758,https://www.yad2.co.il/item/0lt6zzm0,ענתיקות,400 ₪,משומש,yes,6,2022-06-21,0,0,0,0,0
759,https://www.yad2.co.il/item/ha06d9bl,ריהוט לחדרי ילדים,650 ₪,כמו חדש,yes,0,2022-06-21,0,0,0,0,0
760,https://www.yad2.co.il/item/cl59sf1i,מיטות,"1,500 ₪",כמו חדש,yes,2,2022-06-21,0,0,0,0,0
761,https://www.yad2.co.il/item/65cb41wi,ענתיקות,750 ₪,משומש,yes,0,2022-06-21,0,0,0,0,0
762,https://www.yad2.co.il/item/v7hrbn,ענתיקות,350 ₪,משומש,yes,10,2022-06-21,0,0,0,0,0
763,https://www.yad2.co.il/item/5phl2845,ארונות,350 ₪,משומש,yes,0,2022-06-21,0,0,0,0,0
764,https://www.yad2.co.il/item/105l26,ענתיקות,400 ₪,משומש,yes,4,2022-06-21,0,0,0,0,0
765,https://www.yad2.co.il/item/qpzfkh,כוורת,350 ₪,כמו חדש,yes,3,2022-06-21,0,0,0,0,0
766,https://www.yad2.co.il/item/amodj1,ענתיקות,700 ₪,משומש,yes,2,2022-06-21,0,0,0,0,0
767,https://www.yad2.co.il/item/0e3hzkgx,מדפים,70 ₪,כמו חדש,yes,0,2022-06-21,0,0,0,0,0
768,https://www.yad2.co.il/item/z9fwl31s,דלתות,100 ₪,משומש,yes,0,2022-06-21,0,1,1,1,1
769,https://www.yad2.co.il/item/ha82od,ענתיקות,100 ₪,כמו חדש,yes,3,2022-06-21,0,0,0,0,0
770,https://www.yad2.co.il/item/a36efjiq,שידות,130 ₪,כמו חדש,yes,2,2022-06-21,0,0,0,0,0
771,https://www.yad2.co.il/item/p08lszdr,מזרנים,200 ₪,כמו חדש,yes,0,2022-06-21,0,0,0,0,0
772,https://www.yad2.co.il/item/99pilzlt,מזנון / ויטרינה,500 ₪,משומש,yes,3,2022-06-21,0,0,0,0,0
773,https://www.yad2.co.il/item/w1l3p5,ענתיקות,500 ₪,משומש,yes,6,2022-06-21,0,0,0,0,0
774,https://www.yad2.co.il/item/369007,סלון,"2,990 ₪",חדש באריזה,yes,4,2022-06-21,0,0,0,0,0
775,https://www.yad2.co.il/item/liu2fiiw,מזנון / ויטרינה,650 ₪,כמו חדש,yes,0,2022-06-21,0,0,0,0,0
776,https://www.yad2.co.il/item/hr65zacm,מזנון / ויטרינה,500 ₪,משומש,yes,3,2022-06-21,0,0,0,0,0
777,https://www.yad2.co.il/item/9esas0c9,ענתיקות,300 ₪,משומש,yes,5,2022-06-21,0,0,0,0,0
778,https://www.yad2.co.il/item/l0fcxoaz,שולחנות,750 ₪,כמו חדש,yes,2,2022-06-21,0,0,0,0,0
779,https://www.yad2.co.il/item/q4nh6ezm,ענתיקות,"1,500 ₪",משומש,yes,6,2022-06-21,0,0,0,0,0
780,https://www.yad2.co.il/item/g04cl1kd,מוטות תלייה,100 ₪,משומש,yes,2,2022-06-21,0,0,0,0,0
781,https://www.yad2.co.il/item/yggjflr2,שטיחים,"1,100 ₪",כמו חדש,yes,0,2022-06-21,0,0,0,0,0
782,https://www.yad2.co.il/item/quvbalr7,תכולת דירה,לא צוין מחיר,כמו חדש,yes,9,2022-06-21,0,0,0,0,0
783,https://www.yad2.co.il/item/go90wlar,מעמד לדיסקים,250 ₪,משומש,yes,2,2022-06-21,0,0,0,0,0
784,https://www.yad2.co.il/item/mkx5qgje,פינת אוכל,"4,000 ₪",כמו חדש,yes,4,2022-06-21,0,0,0,0,0
785,https://www.yad2.co.il/item/xr05c5,ענתיקות,250 ₪,משומש,yes,5,2022-06-21,0,0,0,0,0
786,https://www.yad2.co.il/item/6gutnh,ענתיקות,150 ₪,משומש,yes,7,2022-06-21,0,0,0,0,0
787,https://www.yad2.co.il/item/654399,ענתיקות,300 ₪,משומש,yes,3,2022-06-21,0,0,0,0,0
788,https://www.yad2.co.il/item/406084,תכולת דירה,"1,500 ₪",משומש,yes,5,2022-06-21,0,0,0,0,0
789,https://www.yad2.co.il/item/bBxFOr,ענתיקות,150 ₪,משומש,yes,2,2022-06-21,0,0,0,0,0
790,https://www.yad2.co.il/item/nvhyg6mx,מזנון / ויטרינה,לא צוין מחיר,כמו חדש,yes,3,2022-06-21,0,0,0,0,0
791,https://www.yad2.co.il/item/oi0i8w8e,מיטות,"1,900 ₪",כמו חדש,yes,2,2022-06-21,0,0,0,0,0
792,https://www.yad2.co.il/item/sgoodv22,כסאות,50 ₪,משומש,yes,0,2022-06-21,0,1,1,1,1
793,https://www.yad2.co.il/item/369007,סלון,"2,990 ₪",חדש באריזה,yes,4,2022-06-21,0,0,0,0,0
794,https://www.yad2.co.il/item/658280,חדרי שינה,"1,990 ₪",חדש באריזה,yes,4,2022-06-21,0,0,0,0,0
795,https://www.yad2.co.il/item/ufn7udvc,דלתות,"3,900 ₪",משומש,yes,3,2022-06-21,0,0,0,0,0
796,https://www.yad2.co.il/item/ftnsfhve,מדפים,450 ₪,כמו חדש,yes,0,2022-06-21,0,0,0,0,1
797,https://www.yad2.co.il/item/ucuiwkjj,שידות,500 ₪,כמו חדש,yes,2,2022-06-21,0,0,0,0,0
798,https://www.yad2.co.il/item/u16448my,שידות,140 ₪,משומש,no,0,2022-06-21,0,0,0,0,0
799,https://www.yad2.co.il/item/hurlqjpz,מיטות,400 ₪,משומש,yes,3,2022-06-21,1,1,1,1,1
